aa_Sc,aa_Hs,pos_Sc,pos_Hs
M,M,1,1
S,-,2,-
A,-,3,-
P,-,4,-
A,A,5,2
A,A,6,3
N,Q,7,4
G,G,8,5
E,E,9,6
-,P,-,7
V,Q,10,8
P,V,11,9
T,Q,12,10
F,F,13,11
K,K,14,12
L,L,15,13
V,V,16,14
L,L,17,15
V,V,18,16
G,G,19,17
D,D,20,18
G,G,21,19
G,G,22,20
T,T,23,21
G,G,24,22
K,K,25,23
T,T,26,24
T,T,27,25
F,F,28,26
V,V,29,27
K,K,30,28
R,R,31,29
H,H,32,30
L,L,33,31
T,T,34,32
G,G,35,33
E,E,36,34
F,F,37,35
E,E,38,36
K,K,39,37
K,K,40,38
Y,Y,41,39
I,V,42,40
A,A,43,41
T,T,44,42
I,L,45,43
G,G,46,44
V,V,47,45
E,E,48,46
V,V,49,47
H,H,50,48
P,P,51,49
L,L,52,50
S,V,53,51
F,F,54,52
Y,H,55,53
T,T,56,54
N,N,57,55
F,R,58,56
G,G,59,57
E,P,60,58
I,I,61,59
K,K,62,60
F,F,63,61
D,N,64,62
V,V,65,63
W,W,66,64
D,D,67,65
T,T,68,66
A,A,69,67
G,G,70,68
Q,Q,71,69
E,E,72,70
K,K,73,71
F,F,74,72
G,G,75,73
G,G,76,74
L,L,77,75
R,R,78,76
D,D,79,77
G,G,80,78
Y,Y,81,79
Y,Y,82,80
I,I,83,81
N,Q,84,82
A,A,85,83
Q,Q,86,84
C,C,87,85
A,A,88,86
I,I,89,87
I,I,90,88
M,M,91,89
F,F,92,90
D,D,93,91
V,V,94,92
T,T,95,93
S,S,96,94
R,R,97,95
I,V,98,96
T,T,99,97
Y,Y,100,98
K,K,101,99
N,N,102,100
V,V,103,101
P,P,104,102
N,N,105,103
W,W,106,104
H,H,107,105
R,R,108,106
D,D,109,107
L,L,110,108
V,V,111,109
R,R,112,110
V,V,113,111
C,C,114,112
E,E,115,113
N,N,116,114
I,I,117,115
P,P,118,116
I,I,119,117
V,V,120,118
L,L,121,119
C,C,122,120
G,G,123,121
N,N,124,122
K,K,125,123
V,V,126,124
D,D,127,125
V,I,128,126
K,K,129,127
E,D,130,128
R,R,131,129
K,K,132,130
V,V,133,131
K,K,134,132
A,A,135,133
K,K,136,134
T,S,137,135
I,I,138,136
T,V,139,137
F,F,140,138
H,H,141,139
R,R,142,140
K,K,143,141
K,K,144,142
N,N,145,143
L,L,146,144
Q,Q,147,145
Y,Y,148,146
Y,Y,149,147
D,D,150,148
I,I,151,149
S,S,152,150
A,A,153,151
K,K,154,152
S,S,155,153
N,N,156,154
Y,Y,157,155
N,N,158,156
F,F,159,157
E,E,160,158
K,K,161,159
P,P,162,160
F,F,163,161
L,L,164,162
W,W,165,163
L,L,166,164
A,A,167,165
R,R,168,166
K,K,169,167
L,L,170,168
A,I,171,169
G,G,172,170
N,D,173,171
P,P,174,172
Q,N,175,173
L,L,176,174
E,E,177,175
F,F,178,176
V,V,179,177
A,A,180,178
S,M,181,179
P,P,182,180
A,A,183,181
L,L,184,182
A,A,185,183
P,P,186,184
P,P,187,185
E,E,188,186
V,V,189,187
Q,V,190,188
V,M,191,189
D,D,192,190
E,P,193,191
Q,A,194,192
L,L,195,193
M,A,196,194
Q,A,197,195
Q,Q,198,196
Y,Y,199,197
Q,E,200,198
Q,H,201,199
E,D,202,200
M,L,203,201
E,E,204,202
Q,V,205,203
A,A,206,204
T,Q,207,205
A,T,208,206
L,T,209,207
P,A,210,208
L,L,211,209
P,P,212,210
D,D,213,211
E,E,214,212
D,D,215,213
D,D,216,214
A,-,217,-
D,D,218,215
L,L,219,216
