pdb_id,amino_acid,position,secondary_structure
3w3z,E,7,L
3w3z,P,8,L
3w3z,Q,9,L
3w3z,V,10,E
3w3z,Q,11,E
3w3z,F,12,E
3w3z,K,13,E
3w3z,L,14,E
3w3z,V,15,E
3w3z,L,16,E
3w3z,V,17,E
3w3z,G,18,E
3w3z,D,19,L
3w3z,G,20,L
3w3z,G,21,L
3w3z,T,22,L
3w3z,G,23,L
3w3z,K,24,H
3w3z,T,25,H
3w3z,T,26,H
3w3z,F,27,H
3w3z,V,28,H
3w3z,K,29,H
3w3z,R,30,H
3w3z,H,31,H
3w3z,L,32,H
3w3z,T,33,H
3w3z,G,34,L
3w3z,E,35,L
3w3z,F,36,L
3w3z,E,37,L
3w3z,K,38,L
3w3z,K,39,L
3w3z,Y,40,L
3w3z,V,41,L
3w3z,A,42,L
3w3z,T,43,L
3w3z,L,44,L
3w3z,G,45,L
3w3z,V,46,E
3w3z,E,47,E
3w3z,V,48,E
3w3z,H,49,E
3w3z,P,50,E
3w3z,L,51,E
3w3z,V,52,E
3w3z,F,53,E
3w3z,H,54,E
3w3z,T,55,E
3w3z,N,56,L
3w3z,R,57,L
3w3z,G,58,E
3w3z,P,59,E
3w3z,I,60,E
3w3z,K,61,E
3w3z,F,62,E
3w3z,N,63,E
3w3z,V,64,E
3w3z,W,65,E
3w3z,D,66,E
3w3z,T,67,E
3w3z,A,68,L
3w3z,G,69,L
3w3z,Q,70,L
3w3z,E,71,H
3w3z,K,72,H
3w3z,F,73,H
3w3z,G,74,H
3w3z,G,75,L
3w3z,L,76,L
3w3z,R,77,L
3w3z,D,78,H
3w3z,G,79,H
3w3z,Y,80,H
3w3z,Y,81,L
3w3z,I,82,L
3w3z,Q,83,L
3w3z,A,84,L
3w3z,Q,85,L
3w3z,C,86,E
3w3z,A,87,E
3w3z,I,88,E
3w3z,I,89,E
3w3z,M,90,E
3w3z,F,91,E
3w3z,D,92,E
3w3z,V,93,L
3w3z,T,94,L
3w3z,S,95,L
3w3z,R,96,H
3w3z,V,97,H
3w3z,T,98,H
3w3z,Y,99,H
3w3z,K,100,H
3w3z,N,101,L
3w3z,V,102,H
3w3z,P,103,H
3w3z,N,104,H
3w3z,W,105,H
3w3z,H,106,H
3w3z,R,107,H
3w3z,D,108,H
3w3z,L,109,H
3w3z,V,110,H
3w3z,R,111,H
3w3z,V,112,H
3w3z,C,113,L
3w3z,E,114,L
3w3z,N,115,L
3w3z,I,116,L
3w3z,P,117,L
3w3z,I,118,E
3w3z,V,119,E
3w3z,L,120,E
3w3z,C,121,E
3w3z,G,122,E
3w3z,N,123,E
3w3z,K,124,L
3w3z,V,125,L
3w3z,D,126,L
3w3z,I,127,L
3w3z,K,128,L
3w3z,D,129,L
3w3z,R,130,L
3w3z,K,131,L
3w3z,V,132,L
3w3z,K,133,L
3w3z,A,134,L
3w3z,K,135,L
3w3z,S,136,L
3w3z,I,137,L
3w3z,V,138,L
3w3z,F,139,H
3w3z,H,140,H
3w3z,R,141,H
3w3z,K,142,H
3w3z,K,143,H
3w3z,N,144,L
3w3z,L,145,L
3w3z,Q,146,E
3w3z,Y,147,E
3w3z,Y,148,E
3w3z,D,149,E
3w3z,I,150,L
3w3z,S,151,L
3w3z,A,152,L
3w3z,K,153,L
3w3z,S,154,L
3w3z,N,155,L
3w3z,Y,156,L
3w3z,N,157,L
3w3z,F,158,L
3w3z,E,159,L
3w3z,K,160,H
3w3z,P,161,H
3w3z,F,162,H
3w3z,L,163,H
3w3z,W,164,H
3w3z,L,165,H
3w3z,A,166,H
3w3z,R,167,H
3w3z,K,168,H
3w3z,L,169,H
3w3z,I,170,H
3w3z,G,171,L
3w3z,D,172,L
3w3z,P,173,L
3w3z,N,174,L
3w3z,L,175,L
3w3z,E,176,L
3w3z,F,177,L
4hb2,V,10,L
4hb2,Q,11,E
4hb2,F,12,E
4hb2,K,13,E
4hb2,L,14,E
4hb2,V,15,E
4hb2,L,16,E
4hb2,V,17,E
4hb2,G,18,E
4hb2,D,19,L
4hb2,G,20,L
4hb2,G,21,L
4hb2,T,22,L
4hb2,G,23,L
4hb2,K,24,H
4hb2,T,25,H
4hb2,T,26,H
4hb2,F,27,H
4hb2,V,28,H
4hb2,K,29,H
4hb2,R,30,H
4hb2,H,31,H
4hb2,L,32,H
4hb2,T,33,H
4hb2,G,34,L
4hb2,E,35,L
4hb2,F,36,L
4hb2,E,37,L
4hb2,K,38,L
4hb2,K,39,L
4hb2,Y,40,L
4hb2,V,41,L
4hb2,A,42,L
4hb2,T,43,L
4hb2,L,44,L
4hb2,G,45,L
4hb2,V,46,E
4hb2,E,47,E
4hb2,V,48,E
4hb2,H,49,E
4hb2,P,50,E
4hb2,L,51,E
4hb2,V,52,E
4hb2,F,53,E
4hb2,H,54,E
4hb2,T,55,E
4hb2,N,56,L
4hb2,R,57,L
4hb2,G,58,E
4hb2,P,59,E
4hb2,I,60,E
4hb2,K,61,E
4hb2,F,62,E
4hb2,N,63,E
4hb2,V,64,E
4hb2,W,65,E
4hb2,D,66,E
4hb2,T,67,E
4hb2,A,68,L
4hb2,G,69,L
4hb2,Q,70,L
4hb2,E,71,H
4hb2,K,72,H
4hb2,F,73,H
4hb2,G,74,L
4hb2,G,75,L
4hb2,L,76,L
4hb2,R,77,H
4hb2,D,78,H
4hb2,G,79,H
4hb2,Y,80,H
4hb2,Y,81,H
4hb2,I,82,L
4hb2,Q,83,L
4hb2,A,84,L
4hb2,Q,85,L
4hb2,C,86,E
4hb2,A,87,E
4hb2,I,88,E
4hb2,I,89,E
4hb2,M,90,E
4hb2,F,91,E
4hb2,D,92,E
4hb2,V,93,L
4hb2,T,94,L
4hb2,S,95,L
4hb2,R,96,H
4hb2,V,97,H
4hb2,T,98,H
4hb2,Y,99,H
4hb2,K,100,H
4hb2,N,101,L
4hb2,V,102,H
4hb2,P,103,H
4hb2,N,104,H
4hb2,W,105,H
4hb2,H,106,H
4hb2,R,107,H
4hb2,D,108,H
4hb2,L,109,H
4hb2,V,110,H
4hb2,R,111,H
4hb2,V,112,H
4hb2,C,113,L
4hb2,E,114,L
4hb2,N,115,L
4hb2,I,116,L
4hb2,P,117,L
4hb2,I,118,E
4hb2,V,119,E
4hb2,L,120,E
4hb2,C,121,E
4hb2,G,122,E
4hb2,N,123,E
4hb2,K,124,L
4hb2,V,125,L
4hb2,D,126,L
4hb2,I,127,L
4hb2,K,128,L
4hb2,D,129,L
4hb2,R,130,L
4hb2,K,131,L
4hb2,V,132,L
4hb2,K,133,L
4hb2,A,134,H
4hb2,K,135,H
4hb2,S,136,H
4hb2,I,137,L
4hb2,V,138,L
4hb2,F,139,H
4hb2,H,140,H
4hb2,R,141,H
4hb2,K,142,H
4hb2,K,143,H
4hb2,N,144,L
4hb2,L,145,L
4hb2,Q,146,E
4hb2,Y,147,E
4hb2,Y,148,E
4hb2,D,149,E
4hb2,I,150,L
4hb2,S,151,L
4hb2,A,152,L
4hb2,K,153,L
4hb2,S,154,L
4hb2,N,155,L
4hb2,Y,156,L
4hb2,N,157,L
4hb2,F,158,L
4hb2,E,159,L
4hb2,K,160,H
4hb2,P,161,H
4hb2,F,162,H
4hb2,L,163,H
4hb2,W,164,H
4hb2,L,165,H
4hb2,A,166,H
4hb2,R,167,H
4hb2,K,168,H
4hb2,L,169,H
4hb2,I,170,H
4hb2,G,171,L
4hb2,D,172,L
4hb2,P,173,L
4hb2,N,174,L
4hb2,L,175,L
4hb2,E,176,L
4hb2,F,177,E
4hb2,V,178,L
4hb2,A,179,L
4hb2,M,180,L
4hb2,P,181,L
4hb2,A,182,L
4hb2,L,183,L
4hb2,A,184,L
4hb2,P,185,L
4hb2,P,186,L
4hb2,E,187,L
4hb2,V,188,L
4hb2,V,193,L
4hb2,L,194,L
4hb2,A,195,L
4hb2,A,196,L
4hb2,Q,197,L
4hb2,Y,198,L
4hb2,E,199,L
4hb2,H,200,H
4hb2,D,201,H
4hb2,L,202,H
4hb2,E,203,H
4hb2,V,204,H
4hb2,A,205,H
4hb2,Q,206,H
4hb2,T,207,H
4hb2,T,208,L
4hb2,A,209,L
4hb2,L,210,L
4hb2,P,211,L
4hb2,D,212,L
4hb2,E,213,L
4hb2,D,214,L
4hb2,D,215,L
4hb2,D,216,L
4hb2,L,217,L
1qbk,Q,9,L
1qbk,V,10,L
1qbk,Q,11,L
1qbk,F,12,L
1qbk,K,13,E
1qbk,L,14,E
1qbk,V,15,E
1qbk,L,16,E
1qbk,V,17,L
1qbk,G,18,L
1qbk,D,19,L
1qbk,G,20,L
1qbk,G,21,L
1qbk,T,22,L
1qbk,G,23,L
1qbk,K,24,H
1qbk,T,25,H
1qbk,T,26,H
1qbk,F,27,H
1qbk,V,28,H
1qbk,K,29,H
1qbk,R,30,H
1qbk,H,31,H
1qbk,L,32,H
1qbk,T,33,L
1qbk,G,34,L
1qbk,E,35,L
1qbk,F,36,L
1qbk,E,37,L
1qbk,K,38,L
1qbk,K,39,L
1qbk,Y,40,L
1qbk,V,41,L
1qbk,A,42,L
1qbk,T,43,L
1qbk,L,44,L
1qbk,G,45,L
1qbk,V,46,L
1qbk,E,47,E
1qbk,V,48,E
1qbk,H,49,E
1qbk,P,50,E
1qbk,L,51,E
1qbk,V,52,E
1qbk,F,53,E
1qbk,H,54,E
1qbk,T,55,E
1qbk,N,56,L
1qbk,R,57,L
1qbk,G,58,E
1qbk,P,59,E
1qbk,I,60,E
1qbk,K,61,E
1qbk,F,62,E
1qbk,N,63,E
1qbk,V,64,E
1qbk,W,65,E
1qbk,D,66,E
1qbk,T,67,L
1qbk,A,68,L
1qbk,G,69,L
1qbk,Q,70,L
1qbk,E,71,L
1qbk,K,72,L
1qbk,F,73,L
1qbk,G,74,L
1qbk,G,75,L
1qbk,L,76,L
1qbk,R,77,L
1qbk,D,78,L
1qbk,G,79,L
1qbk,Y,80,L
1qbk,Y,81,L
1qbk,I,82,L
1qbk,Q,83,L
1qbk,A,84,L
1qbk,Q,85,L
1qbk,C,86,E
1qbk,A,87,E
1qbk,I,88,E
1qbk,I,89,E
1qbk,M,90,E
1qbk,F,91,L
1qbk,D,92,L
1qbk,V,93,L
1qbk,T,94,L
1qbk,S,95,L
1qbk,R,96,L
1qbk,V,97,L
1qbk,T,98,L
1qbk,Y,99,L
1qbk,K,100,L
1qbk,N,101,L
1qbk,V,102,L
1qbk,P,103,H
1qbk,N,104,H
1qbk,W,105,H
1qbk,H,106,H
1qbk,R,107,H
1qbk,D,108,H
1qbk,L,109,H
1qbk,V,110,H
1qbk,R,111,L
1qbk,V,112,L
1qbk,C,113,L
1qbk,E,114,L
1qbk,N,115,L
1qbk,I,116,L
1qbk,P,117,L
1qbk,I,118,E
1qbk,V,119,E
1qbk,L,120,E
1qbk,C,121,E
1qbk,G,122,E
1qbk,N,123,L
1qbk,K,124,L
1qbk,V,125,L
1qbk,D,126,L
1qbk,I,127,L
1qbk,K,128,L
1qbk,D,129,L
1qbk,R,130,L
1qbk,K,131,L
1qbk,V,132,L
1qbk,K,133,L
1qbk,A,134,H
1qbk,K,135,H
1qbk,S,136,H
1qbk,I,137,L
1qbk,V,138,L
1qbk,F,139,H
1qbk,H,140,H
1qbk,R,141,H
1qbk,K,142,H
1qbk,K,143,H
1qbk,N,144,H
1qbk,L,145,L
1qbk,Q,146,E
1qbk,Y,147,E
1qbk,Y,148,E
1qbk,D,149,E
1qbk,I,150,L
1qbk,S,151,E
1qbk,A,152,L
1qbk,K,153,L
1qbk,S,154,L
1qbk,N,155,L
1qbk,Y,156,E
1qbk,N,157,L
1qbk,F,158,L
1qbk,E,159,L
1qbk,K,160,H
1qbk,P,161,H
1qbk,F,162,H
1qbk,L,163,H
1qbk,W,164,H
1qbk,L,165,H
1qbk,A,166,H
1qbk,R,167,H
1qbk,K,168,H
1qbk,L,169,H
1qbk,I,170,H
1qbk,G,171,H
1qbk,D,172,L
1qbk,P,173,L
1qbk,N,174,L
1qbk,L,175,L
1qbk,E,176,L
1qbk,F,177,E
1qbk,V,178,L
1qbk,A,179,L
1qbk,M,180,L
1qbk,P,181,L
1qbk,A,182,L
1qbk,L,183,L
1qbk,A,184,L
1qbk,P,185,L
1qbk,P,186,L
1qbk,E,187,L
1qbk,V,188,L
1qbk,V,189,L
1qbk,M,190,L
1qbk,D,191,L
1qbk,P,192,L
1qbk,A,193,L
1qbk,L,194,L
1qbk,A,195,L
1qbk,A,196,L
1qbk,Q,197,L
1qbk,Y,198,L
2bku,V,10,L
2bku,Q,11,E
2bku,F,12,E
2bku,K,13,E
2bku,L,14,E
2bku,V,15,E
2bku,L,16,E
2bku,V,17,E
2bku,G,18,E
2bku,D,19,L
2bku,G,20,L
2bku,G,21,L
2bku,T,22,L
2bku,G,23,L
2bku,K,24,H
2bku,T,25,H
2bku,T,26,H
2bku,F,27,H
2bku,V,28,H
2bku,K,29,H
2bku,R,30,H
2bku,H,31,H
2bku,L,32,H
2bku,T,33,H
2bku,G,34,L
2bku,E,35,L
2bku,F,36,L
2bku,E,37,L
2bku,K,38,L
2bku,K,39,L
2bku,Y,40,L
2bku,V,41,L
2bku,P,42,L
2bku,T,43,L
2bku,L,44,L
2bku,G,45,L
2bku,V,46,E
2bku,E,47,E
2bku,V,48,E
2bku,H,49,E
2bku,P,50,E
2bku,L,51,E
2bku,V,52,E
2bku,F,53,E
2bku,H,54,E
2bku,T,55,L
2bku,N,56,L
2bku,R,57,L
2bku,G,58,L
2bku,P,59,E
2bku,I,60,E
2bku,K,61,E
2bku,F,62,E
2bku,N,63,E
2bku,V,64,E
2bku,W,65,E
2bku,D,66,E
2bku,T,67,E
2bku,A,68,L
2bku,G,69,L
2bku,Q,70,L
2bku,E,71,H
2bku,K,72,H
2bku,F,73,H
2bku,G,74,L
2bku,G,75,L
2bku,L,76,L
2bku,R,77,H
2bku,D,78,H
2bku,G,79,H
2bku,Y,80,H
2bku,Y,81,H
2bku,I,82,L
2bku,Q,83,L
2bku,A,84,L
2bku,Q,85,L
2bku,C,86,E
2bku,A,87,E
2bku,I,88,E
2bku,I,89,E
2bku,M,90,E
2bku,F,91,E
2bku,D,92,E
2bku,V,93,L
2bku,T,94,L
2bku,S,95,L
2bku,R,96,H
2bku,V,97,H
2bku,T,98,H
2bku,Y,99,H
2bku,K,100,H
2bku,N,101,L
2bku,V,102,H
2bku,P,103,H
2bku,N,104,H
2bku,W,105,H
2bku,H,106,H
2bku,R,107,H
2bku,D,108,H
2bku,L,109,H
2bku,V,110,H
2bku,R,111,L
2bku,V,112,L
2bku,C,113,L
2bku,E,114,L
2bku,N,115,L
2bku,I,116,L
2bku,P,117,L
2bku,I,118,E
2bku,V,119,E
2bku,L,120,E
2bku,C,121,E
2bku,G,122,E
2bku,N,123,E
2bku,K,124,L
2bku,V,125,L
2bku,D,126,L
2bku,I,127,L
2bku,K,128,L
2bku,D,129,L
2bku,R,130,L
2bku,K,131,L
2bku,V,132,L
2bku,K,133,L
2bku,A,134,H
2bku,K,135,H
2bku,S,136,H
2bku,I,137,L
2bku,V,138,L
2bku,F,139,H
2bku,H,140,H
2bku,R,141,H
2bku,K,142,H
2bku,K,143,L
2bku,N,144,L
2bku,L,145,L
2bku,Q,146,E
2bku,Y,147,E
2bku,Y,148,E
2bku,D,149,E
2bku,I,150,L
2bku,S,151,E
2bku,A,152,L
2bku,K,153,L
2bku,S,154,L
2bku,N,155,L
2bku,Y,156,E
2bku,N,157,L
2bku,F,158,L
2bku,E,159,L
2bku,K,160,H
2bku,P,161,H
2bku,F,162,H
2bku,L,163,H
2bku,W,164,H
2bku,L,165,H
2bku,A,166,H
2bku,R,167,H
2bku,K,168,H
2bku,L,169,H
2bku,I,170,H
2bku,G,171,L
2bku,D,172,L
2bku,P,173,L
2bku,N,174,L
2bku,L,175,L
2bku,E,176,L
2bku,F,177,L
2bku,V,178,L
1wa5,P,8,L
1wa5,Q,9,L
1wa5,V,10,L
1wa5,Q,11,E
1wa5,F,12,E
1wa5,K,13,E
1wa5,L,14,E
1wa5,V,15,E
1wa5,L,16,E
1wa5,V,17,E
1wa5,G,18,E
1wa5,D,19,L
1wa5,G,20,L
1wa5,G,21,L
1wa5,T,22,L
1wa5,G,23,L
1wa5,K,24,H
1wa5,T,25,H
1wa5,T,26,H
1wa5,F,27,H
1wa5,V,28,H
1wa5,K,29,H
1wa5,R,30,H
1wa5,H,31,H
1wa5,L,32,H
1wa5,T,33,L
1wa5,G,34,L
1wa5,E,35,L
1wa5,F,36,L
1wa5,E,37,L
1wa5,K,38,L
1wa5,K,39,L
1wa5,Y,40,L
1wa5,V,41,L
1wa5,A,42,L
1wa5,T,43,L
1wa5,L,44,L
1wa5,G,45,L
1wa5,V,46,E
1wa5,E,47,E
1wa5,V,48,E
1wa5,H,49,E
1wa5,P,50,E
1wa5,L,51,E
1wa5,V,52,E
1wa5,F,53,E
1wa5,H,54,E
1wa5,T,55,E
1wa5,N,56,L
1wa5,R,57,L
1wa5,G,58,E
1wa5,P,59,E
1wa5,I,60,E
1wa5,K,61,E
1wa5,F,62,E
1wa5,N,63,E
1wa5,V,64,E
1wa5,W,65,E
1wa5,D,66,E
1wa5,T,67,E
1wa5,A,68,L
1wa5,G,69,L
1wa5,Q,70,L
1wa5,E,71,H
1wa5,K,72,H
1wa5,F,73,H
1wa5,G,74,L
1wa5,G,75,L
1wa5,L,76,L
1wa5,R,77,H
1wa5,D,78,H
1wa5,G,79,H
1wa5,Y,80,H
1wa5,Y,81,H
1wa5,I,82,L
1wa5,Q,83,L
1wa5,A,84,L
1wa5,Q,85,L
1wa5,C,86,E
1wa5,A,87,E
1wa5,I,88,E
1wa5,I,89,E
1wa5,M,90,E
1wa5,F,91,E
1wa5,D,92,E
1wa5,V,93,L
1wa5,T,94,L
1wa5,S,95,L
1wa5,R,96,H
1wa5,V,97,H
1wa5,T,98,H
1wa5,Y,99,H
1wa5,K,100,H
1wa5,N,101,L
1wa5,V,102,H
1wa5,P,103,H
1wa5,N,104,H
1wa5,W,105,H
1wa5,H,106,H
1wa5,R,107,H
1wa5,D,108,H
1wa5,L,109,H
1wa5,V,110,H
1wa5,R,111,H
1wa5,V,112,H
1wa5,C,113,L
1wa5,E,114,L
1wa5,N,115,L
1wa5,I,116,L
1wa5,P,117,L
1wa5,I,118,E
1wa5,V,119,E
1wa5,L,120,E
1wa5,C,121,E
1wa5,G,122,E
1wa5,N,123,E
1wa5,K,124,L
1wa5,V,125,L
1wa5,D,126,L
1wa5,I,127,L
1wa5,K,128,L
1wa5,D,129,L
1wa5,R,130,L
1wa5,K,131,L
1wa5,V,132,L
1wa5,K,133,L
1wa5,A,134,L
1wa5,K,135,L
1wa5,S,136,L
1wa5,I,137,L
1wa5,V,138,L
1wa5,F,139,H
1wa5,H,140,H
1wa5,R,141,H
1wa5,K,142,H
1wa5,K,143,H
1wa5,N,144,L
1wa5,L,145,L
1wa5,Q,146,E
1wa5,Y,147,E
1wa5,Y,148,E
1wa5,D,149,E
1wa5,I,150,E
1wa5,S,151,E
1wa5,A,152,L
1wa5,K,153,L
1wa5,S,154,L
1wa5,N,155,L
1wa5,Y,156,E
1wa5,N,157,L
1wa5,F,158,L
1wa5,E,159,L
1wa5,K,160,H
1wa5,P,161,H
1wa5,F,162,H
1wa5,L,163,H
1wa5,W,164,H
1wa5,L,165,H
1wa5,A,166,H
1wa5,R,167,H
1wa5,K,168,H
1wa5,L,169,H
1wa5,I,170,H
1wa5,G,171,L
1wa5,D,172,L
1wa5,P,173,L
1wa5,N,174,L
1wa5,L,175,L
1wa5,E,176,L
1wa5,F,177,L
1i2m,Q,9,L
1i2m,V,10,E
1i2m,Q,11,E
1i2m,F,12,E
1i2m,K,13,E
1i2m,L,14,E
1i2m,V,15,E
1i2m,L,16,E
1i2m,V,17,E
1i2m,G,18,E
1i2m,D,19,L
1i2m,G,20,L
1i2m,G,21,L
1i2m,T,22,L
1i2m,G,23,L
1i2m,K,24,H
1i2m,T,25,H
1i2m,T,26,H
1i2m,F,27,H
1i2m,V,28,H
1i2m,K,29,H
1i2m,R,30,H
1i2m,H,31,H
1i2m,L,32,L
1i2m,K,38,L
1i2m,K,39,L
1i2m,Y,40,E
1i2m,V,41,E
1i2m,A,42,E
1i2m,T,43,E
1i2m,L,44,L
1i2m,G,45,L
1i2m,V,46,E
1i2m,E,47,E
1i2m,V,48,E
1i2m,H,49,E
1i2m,P,50,E
1i2m,L,51,E
1i2m,V,52,E
1i2m,F,53,E
1i2m,H,54,L
1i2m,T,55,E
1i2m,N,56,L
1i2m,R,57,L
1i2m,G,58,L
1i2m,P,59,L
1i2m,I,60,E
1i2m,K,61,E
1i2m,F,62,E
1i2m,N,63,E
1i2m,V,64,E
1i2m,W,65,E
1i2m,D,66,E
1i2m,T,67,L
1i2m,A,68,L
1i2m,G,69,L
1i2m,Q,70,H
1i2m,E,71,H
1i2m,K,72,H
1i2m,F,73,H
1i2m,G,74,L
1i2m,G,75,L
1i2m,L,76,L
1i2m,R,77,H
1i2m,D,78,H
1i2m,G,79,H
1i2m,Y,80,H
1i2m,Y,81,L
1i2m,I,82,L
1i2m,Q,83,L
1i2m,A,84,L
1i2m,Q,85,L
1i2m,C,86,E
1i2m,A,87,E
1i2m,I,88,E
1i2m,I,89,E
1i2m,M,90,E
1i2m,F,91,E
1i2m,D,92,E
1i2m,V,93,L
1i2m,T,94,L
1i2m,S,95,L
1i2m,R,96,H
1i2m,V,97,H
1i2m,T,98,H
1i2m,Y,99,H
1i2m,K,100,L
1i2m,N,101,L
1i2m,V,102,H
1i2m,P,103,H
1i2m,N,104,H
1i2m,W,105,H
1i2m,H,106,H
1i2m,R,107,H
1i2m,D,108,H
1i2m,L,109,H
1i2m,V,110,H
1i2m,R,111,H
1i2m,V,112,H
1i2m,C,113,H
1i2m,E,114,L
1i2m,N,115,L
1i2m,I,116,L
1i2m,P,117,L
1i2m,I,118,E
1i2m,V,119,E
1i2m,L,120,E
1i2m,C,121,E
1i2m,G,122,E
1i2m,N,123,E
1i2m,K,124,L
1i2m,V,125,L
1i2m,D,126,L
1i2m,I,127,L
1i2m,K,128,L
1i2m,D,129,L
1i2m,R,130,L
1i2m,K,131,L
1i2m,V,132,H
1i2m,K,133,H
1i2m,A,134,H
1i2m,K,135,H
1i2m,S,136,L
1i2m,I,137,H
1i2m,V,138,H
1i2m,F,139,H
1i2m,H,140,H
1i2m,R,141,L
1i2m,K,142,L
1i2m,K,143,L
1i2m,N,144,L
1i2m,L,145,L
1i2m,Q,146,E
1i2m,Y,147,E
1i2m,Y,148,E
1i2m,D,149,E
1i2m,I,150,E
1i2m,S,151,E
1i2m,A,152,L
1i2m,K,153,H
1i2m,S,154,H
1i2m,N,155,H
1i2m,Y,156,E
1i2m,N,157,L
1i2m,F,158,L
1i2m,E,159,L
1i2m,K,160,H
1i2m,P,161,H
1i2m,F,162,H
1i2m,L,163,H
1i2m,W,164,H
1i2m,L,165,H
1i2m,A,166,H
1i2m,R,167,H
1i2m,K,168,H
1i2m,L,169,H
1i2m,I,170,H
1i2m,G,171,L
1i2m,D,172,L
1i2m,P,173,L
1i2m,N,174,L
1i2m,L,175,L
1i2m,E,176,L
1i2m,F,177,E
1i2m,V,178,L
3ch5,P,8,L
3ch5,Q,9,L
3ch5,V,10,L
3ch5,Q,11,E
3ch5,F,12,E
3ch5,K,13,E
3ch5,L,14,E
3ch5,V,15,E
3ch5,L,16,E
3ch5,V,17,E
3ch5,G,18,E
3ch5,D,19,L
3ch5,G,20,L
3ch5,G,21,L
3ch5,T,22,L
3ch5,G,23,L
3ch5,K,24,H
3ch5,T,25,H
3ch5,T,26,H
3ch5,F,27,H
3ch5,V,28,H
3ch5,K,29,H
3ch5,R,30,H
3ch5,H,31,E
3ch5,L,32,H
3ch5,T,33,H
3ch5,G,34,H
3ch5,E,35,H
3ch5,F,36,H
3ch5,E,37,L
3ch5,K,38,L
3ch5,K,39,E
3ch5,Y,40,E
3ch5,V,41,E
3ch5,A,42,H
3ch5,T,43,H
3ch5,L,44,H
3ch5,G,45,L
3ch5,V,46,E
3ch5,E,47,E
3ch5,V,48,E
3ch5,H,49,E
3ch5,P,50,E
3ch5,L,51,E
3ch5,V,52,E
3ch5,F,53,E
3ch5,H,54,E
3ch5,T,55,E
3ch5,N,56,L
3ch5,R,57,L
3ch5,G,58,E
3ch5,P,59,E
3ch5,I,60,E
3ch5,K,61,E
3ch5,F,62,E
3ch5,N,63,E
3ch5,V,64,E
3ch5,W,65,E
3ch5,D,66,E
3ch5,T,67,E
3ch5,A,68,L
3ch5,G,69,L
3ch5,Q,70,H
3ch5,E,71,H
3ch5,K,72,H
3ch5,F,73,L
3ch5,G,74,L
3ch5,G,75,L
3ch5,L,76,L
3ch5,R,77,L
3ch5,D,78,H
3ch5,G,79,H
3ch5,Y,80,H
3ch5,Y,81,H
3ch5,I,82,L
3ch5,Q,83,L
3ch5,A,84,L
3ch5,Q,85,L
3ch5,C,86,E
3ch5,A,87,E
3ch5,I,88,E
3ch5,I,89,E
3ch5,M,90,E
3ch5,F,91,E
3ch5,D,92,E
3ch5,V,93,L
3ch5,T,94,L
3ch5,S,95,L
3ch5,R,96,H
3ch5,V,97,H
3ch5,T,98,H
3ch5,Y,99,H
3ch5,K,100,H
3ch5,N,101,L
3ch5,V,102,H
3ch5,P,103,H
3ch5,N,104,H
3ch5,W,105,H
3ch5,H,106,H
3ch5,R,107,H
3ch5,D,108,H
3ch5,L,109,H
3ch5,V,110,H
3ch5,R,111,H
3ch5,V,112,H
3ch5,C,113,L
3ch5,E,114,L
3ch5,N,115,L
3ch5,I,116,L
3ch5,P,117,L
3ch5,I,118,E
3ch5,V,119,E
3ch5,L,120,E
3ch5,C,121,E
3ch5,G,122,E
3ch5,N,123,E
3ch5,K,124,L
3ch5,V,125,L
3ch5,D,126,L
3ch5,I,127,L
3ch5,K,128,L
3ch5,D,129,L
3ch5,R,130,L
3ch5,K,131,L
3ch5,V,132,L
3ch5,K,133,L
3ch5,A,134,H
3ch5,K,135,H
3ch5,S,136,H
3ch5,I,137,L
3ch5,N,144,L
3ch5,L,145,L
3ch5,Q,146,E
3ch5,Y,147,E
3ch5,Y,148,E
3ch5,D,149,E
3ch5,I,150,L
3ch5,S,151,E
3ch5,A,152,L
3ch5,K,153,L
3ch5,S,154,L
3ch5,N,155,L
3ch5,Y,156,E
3ch5,N,157,L
3ch5,F,158,L
3ch5,E,159,L
3ch5,K,160,H
3ch5,P,161,H
3ch5,F,162,H
3ch5,L,163,H
3ch5,W,164,H
3ch5,L,165,H
3ch5,A,166,H
3ch5,R,167,H
3ch5,K,168,H
3ch5,L,169,H
3ch5,I,170,H
3ch5,G,171,L
3ch5,D,172,L
3ch5,P,173,L
3ch5,N,174,L
3ch5,L,175,L
3ch5,E,176,L
3ch5,F,177,E
3ch5,V,178,L
3ch5,A,179,L
3ch5,M,180,L
3ch5,P,181,L
3ch5,A,182,L
3ch5,L,183,E
3ch5,A,184,L
3ch5,P,185,L
3ch5,P,186,L
3ch5,E,187,L
3ch5,V,188,L
3ch5,V,189,L
3ch5,M,190,L
3ch5,D,191,L
3ch5,P,192,H
3ch5,A,193,H
3ch5,L,194,H
3ch5,A,195,H
3ch5,A,196,H
3ch5,Q,197,H
3ch5,Y,198,H
3ch5,E,199,H
3ch5,H,200,H
3ch5,D,201,H
3ch5,L,202,H
3ch5,E,203,H
3ch5,V,204,H
3ch5,A,205,H
3ch5,Q,206,L
3wyf,V,9,L
3wyf,P,10,L
3wyf,T,11,E
3wyf,F,12,E
3wyf,K,13,E
3wyf,L,14,E
3wyf,V,15,E
3wyf,L,16,E
3wyf,V,17,E
3wyf,G,18,E
3wyf,D,19,L
3wyf,G,20,L
3wyf,G,21,L
3wyf,T,22,L
3wyf,G,23,L
3wyf,K,24,H
3wyf,T,25,H
3wyf,T,26,H
3wyf,F,27,H
3wyf,V,28,H
3wyf,K,29,H
3wyf,R,30,H
3wyf,H,31,H
3wyf,L,32,H
3wyf,T,33,H
3wyf,G,34,L
3wyf,E,35,L
3wyf,F,36,L
3wyf,E,37,L
3wyf,K,38,L
3wyf,K,39,L
3wyf,Y,40,L
3wyf,I,41,L
3wyf,A,42,L
3wyf,T,43,L
3wyf,I,44,L
3wyf,G,45,L
3wyf,V,46,E
3wyf,E,47,E
3wyf,V,48,E
3wyf,H,49,E
3wyf,P,50,E
3wyf,L,51,E
3wyf,S,52,E
3wyf,F,53,E
3wyf,Y,54,E
3wyf,T,55,E
3wyf,N,56,L
3wyf,F,57,L
3wyf,G,58,E
3wyf,E,59,E
3wyf,I,60,E
3wyf,K,61,E
3wyf,F,62,E
3wyf,D,63,E
3wyf,V,64,E
3wyf,W,65,E
3wyf,D,66,E
3wyf,T,67,E
3wyf,A,68,L
3wyf,G,69,L
3wyf,L,70,L
3wyf,E,71,H
3wyf,K,72,H
3wyf,F,73,H
3wyf,G,74,L
3wyf,G,75,L
3wyf,L,76,L
3wyf,R,77,H
3wyf,D,78,H
3wyf,G,79,H
3wyf,Y,80,H
3wyf,Y,81,H
3wyf,I,82,L
3wyf,N,83,L
3wyf,A,84,L
3wyf,Q,85,L
3wyf,C,86,E
3wyf,A,87,E
3wyf,I,88,E
3wyf,I,89,E
3wyf,M,90,E
3wyf,F,91,E
3wyf,D,92,E
3wyf,V,93,L
3wyf,T,94,L
3wyf,S,95,L
3wyf,R,96,H
3wyf,I,97,H
3wyf,T,98,H
3wyf,Y,99,H
3wyf,K,100,H
3wyf,N,101,L
3wyf,V,102,H
3wyf,P,103,H
3wyf,N,104,H
3wyf,W,105,H
3wyf,H,106,H
3wyf,R,107,H
3wyf,D,108,H
3wyf,L,109,H
3wyf,V,110,H
3wyf,R,111,H
3wyf,V,112,H
3wyf,C,113,L
3wyf,E,114,L
3wyf,N,115,L
3wyf,I,116,L
3wyf,P,117,L
3wyf,I,118,E
3wyf,V,119,E
3wyf,L,120,E
3wyf,C,121,E
3wyf,G,122,E
3wyf,N,123,E
3wyf,K,124,L
3wyf,V,125,L
3wyf,D,126,L
3wyf,V,127,L
3wyf,K,128,L
3wyf,E,129,L
3wyf,R,130,L
3wyf,K,131,L
3wyf,V,132,L
3wyf,K,133,L
3wyf,A,134,H
3wyf,K,135,H
3wyf,T,136,H
3wyf,I,137,L
3wyf,T,138,L
3wyf,F,139,H
3wyf,H,140,H
3wyf,R,141,H
3wyf,K,142,H
3wyf,K,143,H
3wyf,N,144,L
3wyf,L,145,L
3wyf,Q,146,E
3wyf,Y,147,E
3wyf,Y,148,E
3wyf,D,149,E
3wyf,I,150,L
3wyf,S,151,L
3wyf,A,152,L
3wyf,K,153,L
3wyf,S,154,L
3wyf,N,155,L
3wyf,Y,156,L
3wyf,N,157,L
3wyf,F,158,L
3wyf,E,159,L
3wyf,K,160,H
3wyf,P,161,H
3wyf,F,162,H
3wyf,L,163,H
3wyf,W,164,H
3wyf,L,165,H
3wyf,A,166,H
3wyf,R,167,H
3wyf,K,168,H
3wyf,L,169,H
3wyf,A,170,H
3wyf,G,171,L
3wyf,N,172,L
3wyf,P,173,L
3wyf,Q,174,L
3wyf,L,175,L
3wyf,E,176,L
3wyf,F,177,E
3wyf,V,178,L
3wyf,A,179,L
3wyf,S,180,L
3wyf,P,181,L
3wyf,A,182,L
3wyf,L,183,L
3wyf,A,184,L
3wyf,P,185,L
3wyf,P,186,L
3wyf,M,202,L
3wyf,E,203,L
3wyf,Q,204,L
3wyf,A,205,L
3wyf,T,206,L
3wyf,A,207,L
3wyf,L,208,L
3wyf,P,209,L
3wyf,L,210,L
3wyf,P,211,L
3wyf,D,212,L
3nc1,Q,9,L
3nc1,V,10,L
3nc1,Q,11,E
3nc1,F,12,E
3nc1,K,13,E
3nc1,L,14,E
3nc1,V,15,E
3nc1,L,16,E
3nc1,V,17,E
3nc1,G,18,E
3nc1,D,19,L
3nc1,G,20,L
3nc1,G,21,L
3nc1,T,22,L
3nc1,G,23,L
3nc1,K,24,H
3nc1,T,25,H
3nc1,T,26,H
3nc1,F,27,H
3nc1,V,28,H
3nc1,K,29,H
3nc1,R,30,H
3nc1,H,31,H
3nc1,L,32,H
3nc1,T,33,H
3nc1,G,34,L
3nc1,E,35,L
3nc1,F,36,L
3nc1,E,37,L
3nc1,K,38,L
3nc1,K,39,L
3nc1,Y,40,L
3nc1,V,41,L
3nc1,A,42,L
3nc1,T,43,L
3nc1,L,44,L
3nc1,G,45,L
3nc1,V,46,E
3nc1,E,47,E
3nc1,V,48,E
3nc1,H,49,E
3nc1,P,50,E
3nc1,L,51,E
3nc1,V,52,E
3nc1,F,53,E
3nc1,H,54,E
3nc1,T,55,E
3nc1,N,56,L
3nc1,R,57,L
3nc1,G,58,E
3nc1,P,59,E
3nc1,I,60,E
3nc1,K,61,E
3nc1,F,62,E
3nc1,N,63,E
3nc1,V,64,E
3nc1,W,65,E
3nc1,D,66,E
3nc1,T,67,E
3nc1,A,68,L
3nc1,G,69,L
3nc1,L,70,L
3nc1,E,71,H
3nc1,K,72,H
3nc1,F,73,H
3nc1,G,74,L
3nc1,G,75,L
3nc1,L,76,L
3nc1,R,77,H
3nc1,D,78,H
3nc1,G,79,H
3nc1,Y,80,H
3nc1,Y,81,H
3nc1,I,82,L
3nc1,Q,83,L
3nc1,A,84,L
3nc1,Q,85,L
3nc1,C,86,E
3nc1,A,87,E
3nc1,I,88,E
3nc1,I,89,E
3nc1,M,90,E
3nc1,F,91,E
3nc1,D,92,E
3nc1,V,93,L
3nc1,T,94,L
3nc1,S,95,L
3nc1,R,96,H
3nc1,V,97,H
3nc1,T,98,H
3nc1,Y,99,H
3nc1,K,100,H
3nc1,N,101,L
3nc1,V,102,H
3nc1,P,103,H
3nc1,N,104,H
3nc1,W,105,H
3nc1,H,106,H
3nc1,R,107,H
3nc1,D,108,H
3nc1,L,109,H
3nc1,V,110,H
3nc1,R,111,H
3nc1,V,112,H
3nc1,C,113,L
3nc1,E,114,L
3nc1,N,115,L
3nc1,I,116,L
3nc1,P,117,L
3nc1,I,118,E
3nc1,V,119,E
3nc1,L,120,E
3nc1,C,121,E
3nc1,G,122,E
3nc1,N,123,E
3nc1,K,124,L
3nc1,V,125,L
3nc1,D,126,L
3nc1,I,127,L
3nc1,K,128,L
3nc1,D,129,L
3nc1,R,130,L
3nc1,K,131,L
3nc1,V,132,L
3nc1,K,133,L
3nc1,A,134,H
3nc1,K,135,H
3nc1,S,136,H
3nc1,I,137,L
3nc1,V,138,L
3nc1,F,139,H
3nc1,H,140,H
3nc1,R,141,H
3nc1,K,142,H
3nc1,K,143,L
3nc1,N,144,L
3nc1,L,145,L
3nc1,Q,146,E
3nc1,Y,147,E
3nc1,Y,148,E
3nc1,D,149,L
3nc1,I,150,L
3nc1,S,151,L
3nc1,A,152,L
3nc1,K,153,L
3nc1,S,154,L
3nc1,N,155,L
3nc1,Y,156,L
3nc1,N,157,L
3nc1,F,158,L
3nc1,E,159,L
3nc1,K,160,H
3nc1,P,161,H
3nc1,F,162,H
3nc1,L,163,H
3nc1,W,164,H
3nc1,L,165,H
3nc1,A,166,H
3nc1,R,167,H
3nc1,K,168,H
3nc1,L,169,H
3nc1,I,170,H
3nc1,G,171,L
3nc1,D,172,L
3nc1,P,173,L
3nc1,N,174,L
3nc1,L,175,L
3nc1,E,176,L
3nc1,F,177,E
3nc1,V,178,L
3nc1,A,179,L
3nc1,M,180,L
3nc1,P,181,L
3m1i,V,9,L
3m1i,P,10,L
3m1i,T,11,E
3m1i,F,12,E
3m1i,K,13,E
3m1i,L,14,E
3m1i,V,15,E
3m1i,L,16,E
3m1i,V,17,E
3m1i,G,18,E
3m1i,D,19,L
3m1i,G,20,L
3m1i,G,21,L
3m1i,T,22,L
3m1i,G,23,L
3m1i,K,24,H
3m1i,T,25,H
3m1i,T,26,H
3m1i,F,27,H
3m1i,V,28,H
3m1i,K,29,H
3m1i,R,30,H
3m1i,H,31,H
3m1i,L,32,H
3m1i,T,33,H
3m1i,G,34,L
3m1i,E,35,L
3m1i,F,36,L
3m1i,E,37,L
3m1i,K,38,L
3m1i,K,39,L
3m1i,Y,40,L
3m1i,I,41,L
3m1i,A,42,L
3m1i,T,43,L
3m1i,I,44,L
3m1i,G,45,L
3m1i,V,46,E
3m1i,E,47,E
3m1i,V,48,E
3m1i,H,49,E
3m1i,P,50,E
3m1i,L,51,E
3m1i,S,52,E
3m1i,F,53,E
3m1i,Y,54,E
3m1i,T,55,E
3m1i,N,56,L
3m1i,F,57,L
3m1i,G,58,E
3m1i,E,59,E
3m1i,I,60,E
3m1i,K,61,E
3m1i,F,62,E
3m1i,D,63,E
3m1i,V,64,E
3m1i,W,65,E
3m1i,D,66,E
3m1i,T,67,E
3m1i,A,68,L
3m1i,G,69,L
3m1i,L,70,L
3m1i,E,71,H
3m1i,K,72,H
3m1i,F,73,H
3m1i,G,74,L
3m1i,G,75,L
3m1i,L,76,L
3m1i,R,77,H
3m1i,D,78,H
3m1i,G,79,H
3m1i,Y,80,H
3m1i,Y,81,H
3m1i,I,82,L
3m1i,N,83,L
3m1i,A,84,L
3m1i,Q,85,L
3m1i,C,86,E
3m1i,A,87,E
3m1i,I,88,E
3m1i,I,89,E
3m1i,M,90,E
3m1i,F,91,E
3m1i,D,92,E
3m1i,V,93,L
3m1i,T,94,L
3m1i,S,95,L
3m1i,R,96,H
3m1i,I,97,H
3m1i,T,98,H
3m1i,Y,99,H
3m1i,K,100,H
3m1i,N,101,L
3m1i,V,102,H
3m1i,P,103,H
3m1i,N,104,H
3m1i,W,105,H
3m1i,H,106,H
3m1i,R,107,H
3m1i,D,108,H
3m1i,L,109,H
3m1i,V,110,H
3m1i,R,111,H
3m1i,V,112,H
3m1i,C,113,L
3m1i,E,114,L
3m1i,N,115,L
3m1i,I,116,L
3m1i,P,117,L
3m1i,I,118,E
3m1i,V,119,E
3m1i,L,120,E
3m1i,C,121,E
3m1i,G,122,E
3m1i,N,123,E
3m1i,K,124,L
3m1i,V,125,L
3m1i,D,126,L
3m1i,V,127,L
3m1i,K,128,L
3m1i,E,129,L
3m1i,R,130,L
3m1i,K,131,L
3m1i,V,132,L
3m1i,K,133,L
3m1i,A,134,H
3m1i,K,135,H
3m1i,T,136,H
3m1i,I,137,L
3m1i,T,138,L
3m1i,F,139,H
3m1i,H,140,H
3m1i,R,141,H
3m1i,K,142,H
3m1i,K,143,H
3m1i,N,144,L
3m1i,L,145,L
3m1i,Q,146,E
3m1i,Y,147,E
3m1i,Y,148,E
3m1i,D,149,E
3m1i,I,150,L
3m1i,S,151,L
3m1i,A,152,L
3m1i,K,153,L
3m1i,S,154,L
3m1i,N,155,L
3m1i,Y,156,L
3m1i,N,157,L
3m1i,F,158,L
3m1i,E,159,L
3m1i,K,160,H
3m1i,P,161,H
3m1i,F,162,H
3m1i,L,163,H
3m1i,W,164,H
3m1i,L,165,H
3m1i,A,166,H
3m1i,R,167,H
3m1i,K,168,H
3m1i,L,169,H
3m1i,A,170,H
3m1i,G,171,L
3m1i,N,172,L
3m1i,P,173,L
3m1i,Q,174,L
3m1i,L,175,L
3m1i,E,176,L
3m1i,F,177,E
3m1i,V,178,L
3m1i,A,179,L
3m1i,S,180,L
3m1i,P,181,L
3m1i,A,182,L
3m1i,L,183,L
3m1i,A,184,L
3m1i,P,185,L
3m1i,P,186,L
3m1i,E,187,L
3m1i,Q,196,L
3m1i,Q,197,L
3m1i,Y,198,L
3m1i,Q,199,H
3m1i,Q,200,H
3m1i,E,201,H
3m1i,M,202,H
3m1i,E,203,H
3m1i,Q,204,H
3m1i,A,205,H
3m1i,T,206,H
3m1i,A,207,H
3m1i,L,208,L
3m1i,P,209,L
3m1i,L,210,L
3m1i,P,211,L
3m1i,D,212,L
3m1i,E,213,L
3m1i,D,214,L
3m1i,D,215,L
3m1i,A,216,L
3gj0,S,3,L
3gj0,A,4,L
3gj0,A,5,L
3gj0,Q,6,L
3gj0,G,7,L
3gj0,E,8,L
3gj0,P,9,L
3gj0,Q,10,L
3gj0,V,11,L
3gj0,Q,12,E
3gj0,F,13,E
3gj0,K,14,E
3gj0,L,15,E
3gj0,V,16,E
3gj0,L,17,E
3gj0,V,18,E
3gj0,G,19,E
3gj0,D,20,L
3gj0,G,21,L
3gj0,G,22,L
3gj0,T,23,L
3gj0,G,24,L
3gj0,K,25,H
3gj0,T,26,H
3gj0,T,27,H
3gj0,F,28,H
3gj0,V,29,H
3gj0,K,30,H
3gj0,R,31,H
3gj0,H,32,E
3gj0,L,33,H
3gj0,T,34,H
3gj0,G,35,H
3gj0,E,36,H
3gj0,F,37,H
3gj0,E,38,L
3gj0,K,39,L
3gj0,K,40,E
3gj0,Y,41,E
3gj0,V,42,E
3gj0,A,43,H
3gj0,T,44,H
3gj0,L,45,H
3gj0,G,46,L
3gj0,V,47,E
3gj0,E,48,E
3gj0,V,49,E
3gj0,H,50,E
3gj0,P,51,E
3gj0,L,52,E
3gj0,V,53,E
3gj0,F,54,E
3gj0,H,55,E
3gj0,T,56,E
3gj0,N,57,L
3gj0,R,58,L
3gj0,G,59,E
3gj0,P,60,E
3gj0,I,61,E
3gj0,K,62,E
3gj0,F,63,E
3gj0,N,64,E
3gj0,V,65,E
3gj0,W,66,E
3gj0,D,67,E
3gj0,T,68,E
3gj0,A,69,L
3gj0,G,70,L
3gj0,Q,71,H
3gj0,E,72,H
3gj0,K,73,H
3gj0,F,74,L
3gj0,G,75,L
3gj0,G,76,L
3gj0,L,77,L
3gj0,R,78,L
3gj0,D,79,H
3gj0,G,80,H
3gj0,Y,81,H
3gj0,Y,82,H
3gj0,I,83,L
3gj0,Q,84,L
3gj0,A,85,L
3gj0,Q,86,L
3gj0,C,87,E
3gj0,A,88,E
3gj0,I,89,E
3gj0,I,90,E
3gj0,M,91,E
3gj0,F,92,E
3gj0,D,93,E
3gj0,V,94,L
3gj0,T,95,L
3gj0,S,96,L
3gj0,R,97,H
3gj0,V,98,H
3gj0,T,99,H
3gj0,Y,100,H
3gj0,K,101,H
3gj0,N,102,L
3gj0,V,103,H
3gj0,P,104,H
3gj0,N,105,H
3gj0,W,106,H
3gj0,H,107,H
3gj0,R,108,H
3gj0,D,109,H
3gj0,L,110,H
3gj0,V,111,H
3gj0,R,112,H
3gj0,V,113,H
3gj0,C,114,L
3gj0,E,115,L
3gj0,N,116,L
3gj0,I,117,L
3gj0,P,118,L
3gj0,I,119,E
3gj0,V,120,E
3gj0,L,121,E
3gj0,C,122,E
3gj0,G,123,E
3gj0,N,124,E
3gj0,K,125,L
3gj0,V,126,L
3gj0,D,127,L
3gj0,I,128,L
3gj0,K,129,L
3gj0,D,130,L
3gj0,R,131,L
3gj0,K,132,L
3gj0,V,133,L
3gj0,K,134,L
3gj0,A,135,H
3gj0,K,136,H
3gj0,S,137,H
3gj0,I,138,L
3gj0,V,139,L
3gj0,F,140,H
3gj0,H,141,H
3gj0,R,142,H
3gj0,K,143,H
3gj0,K,144,H
3gj0,N,145,L
3gj0,L,146,L
3gj0,Q,147,E
3gj0,Y,148,E
3gj0,Y,149,E
3gj0,D,150,E
3gj0,I,151,L
3gj0,S,152,E
3gj0,A,153,H
3gj0,K,154,H
3gj0,S,155,H
3gj0,N,156,L
3gj0,Y,157,E
3gj0,N,158,L
3gj0,F,159,L
3gj0,E,160,L
3gj0,K,161,H
3gj0,P,162,H
3gj0,F,163,H
3gj0,L,164,H
3gj0,W,165,H
3gj0,L,166,H
3gj0,A,167,H
3gj0,R,168,H
3gj0,K,169,H
3gj0,L,170,H
3gj0,I,171,H
3gj0,G,172,L
3gj0,D,173,L
3gj0,P,174,L
3gj0,N,175,L
3gj0,L,176,L
3gj0,E,177,L
3gj0,F,178,E
3gj0,V,179,E
3gj0,A,180,E
3gj0,M,181,L
3gj0,P,182,L
3gj0,A,183,L
3gj0,L,184,E
3gj0,A,185,L
3gj0,P,186,L
3gj0,P,187,L
3gj0,E,188,L
3gj0,V,189,L
3gj0,V,190,L
3gj0,M,191,L
3gj0,D,192,L
3gj0,P,193,H
3gj0,A,194,H
3gj0,L,195,H
3gj0,A,196,H
3gj0,A,197,H
3gj0,Q,198,H
3gj0,Y,199,H
3gj0,E,200,H
3gj0,H,201,H
3gj0,D,202,H
3gj0,L,203,H
3gj0,E,204,H
3gj0,V,205,H
3gj0,A,206,H
3gj0,Q,207,H
3gj0,T,208,H
3gj0,T,209,L
1a2k,Q,9,L
1a2k,V,10,L
1a2k,Q,11,E
1a2k,F,12,E
1a2k,K,13,E
1a2k,L,14,E
1a2k,V,15,E
1a2k,L,16,E
1a2k,V,17,E
1a2k,G,18,E
1a2k,D,19,L
1a2k,G,20,L
1a2k,G,21,L
1a2k,T,22,L
1a2k,G,23,L
1a2k,K,24,H
1a2k,T,25,H
1a2k,T,26,H
1a2k,F,27,H
1a2k,V,28,H
1a2k,K,29,H
1a2k,R,30,H
1a2k,H,31,E
1a2k,L,32,H
1a2k,T,33,H
1a2k,G,34,H
1a2k,E,35,H
1a2k,F,36,H
1a2k,E,37,L
1a2k,K,38,L
1a2k,K,39,E
1a2k,Y,40,E
1a2k,V,41,E
1a2k,A,42,L
1a2k,T,43,L
1a2k,L,44,L
1a2k,G,45,L
1a2k,V,46,E
1a2k,E,47,E
1a2k,V,48,E
1a2k,H,49,E
1a2k,P,50,E
1a2k,L,51,E
1a2k,V,52,E
1a2k,F,53,E
1a2k,H,54,E
1a2k,T,55,E
1a2k,N,56,L
1a2k,R,57,L
1a2k,G,58,E
1a2k,P,59,E
1a2k,I,60,E
1a2k,K,61,E
1a2k,F,62,E
1a2k,N,63,E
1a2k,V,64,E
1a2k,W,65,E
1a2k,D,66,E
1a2k,T,67,E
1a2k,A,68,L
1a2k,G,69,L
1a2k,Q,70,H
1a2k,E,71,H
1a2k,K,72,H
1a2k,F,73,L
1a2k,G,74,L
1a2k,G,75,L
1a2k,L,76,L
1a2k,R,77,L
1a2k,D,78,H
1a2k,G,79,H
1a2k,Y,80,H
1a2k,Y,81,H
1a2k,I,82,L
1a2k,Q,83,L
1a2k,A,84,L
1a2k,Q,85,L
1a2k,C,86,E
1a2k,A,87,E
1a2k,I,88,E
1a2k,I,89,E
1a2k,M,90,E
1a2k,F,91,E
1a2k,D,92,E
1a2k,V,93,L
1a2k,T,94,L
1a2k,S,95,L
1a2k,R,96,H
1a2k,V,97,H
1a2k,T,98,H
1a2k,Y,99,H
1a2k,K,100,H
1a2k,N,101,L
1a2k,V,102,H
1a2k,P,103,H
1a2k,N,104,H
1a2k,W,105,H
1a2k,H,106,H
1a2k,R,107,H
1a2k,D,108,H
1a2k,L,109,H
1a2k,V,110,H
1a2k,R,111,H
1a2k,V,112,H
1a2k,C,113,L
1a2k,E,114,L
1a2k,N,115,L
1a2k,I,116,L
1a2k,P,117,L
1a2k,I,118,E
1a2k,V,119,E
1a2k,L,120,E
1a2k,C,121,E
1a2k,G,122,E
1a2k,N,123,E
1a2k,K,124,L
1a2k,V,125,L
1a2k,D,126,L
1a2k,I,127,L
1a2k,K,128,L
1a2k,D,129,L
1a2k,R,130,L
1a2k,K,131,L
1a2k,V,132,L
1a2k,K,133,L
1a2k,A,134,H
1a2k,K,135,H
1a2k,S,136,H
1a2k,I,137,H
1a2k,V,138,L
1a2k,F,139,L
1a2k,H,140,L
1a2k,R,141,L
1a2k,K,142,L
1a2k,K,143,L
1a2k,N,144,L
1a2k,L,145,E
1a2k,Q,146,E
1a2k,Y,147,E
1a2k,Y,148,E
1a2k,D,149,E
1a2k,I,150,L
1a2k,S,151,E
1a2k,A,152,L
1a2k,K,153,L
1a2k,S,154,L
1a2k,N,155,L
1a2k,Y,156,E
1a2k,N,157,L
1a2k,F,158,L
1a2k,E,159,H
1a2k,K,160,H
1a2k,P,161,H
1a2k,F,162,H
1a2k,L,163,H
1a2k,W,164,H
1a2k,L,165,H
1a2k,A,166,H
1a2k,R,167,H
1a2k,K,168,H
1a2k,L,169,H
1a2k,I,170,H
1a2k,G,171,H
1a2k,D,172,L
1a2k,P,173,L
1a2k,N,174,L
1a2k,L,175,L
1a2k,E,176,L
1a2k,F,177,E
1a2k,V,178,L
1a2k,A,179,L
1a2k,M,180,L
1a2k,P,181,L
1a2k,A,182,L
1a2k,L,183,E
1a2k,A,184,L
1a2k,P,185,L
1a2k,P,186,L
1a2k,E,187,L
1a2k,V,188,L
1a2k,V,189,L
1a2k,M,190,L
1a2k,D,191,L
1a2k,P,192,H
1a2k,A,193,H
1a2k,L,194,H
1a2k,A,195,H
1a2k,A,196,H
1a2k,Q,197,H
1a2k,Y,198,H
1a2k,E,199,H
1a2k,H,200,H
1a2k,D,201,H
1a2k,L,202,L
1a2k,E,203,L
1a2k,V,204,L
3a6p,P,8,L
3a6p,Q,9,L
3a6p,V,10,E
3a6p,Q,11,E
3a6p,F,12,E
3a6p,K,13,E
3a6p,L,14,E
3a6p,V,15,E
3a6p,L,16,E
3a6p,V,17,E
3a6p,G,18,E
3a6p,D,19,L
3a6p,G,20,L
3a6p,G,21,L
3a6p,T,22,L
3a6p,G,23,L
3a6p,K,24,H
3a6p,T,25,H
3a6p,T,26,H
3a6p,F,27,H
3a6p,V,28,H
3a6p,K,29,H
3a6p,R,30,H
3a6p,H,31,H
3a6p,L,32,H
3a6p,T,33,L
3a6p,G,34,L
3a6p,E,35,L
3a6p,F,36,L
3a6p,E,37,L
3a6p,K,38,L
3a6p,K,39,L
3a6p,Y,40,L
3a6p,V,41,L
3a6p,A,42,L
3a6p,T,43,L
3a6p,L,44,L
3a6p,G,45,L
3a6p,V,46,E
3a6p,E,47,E
3a6p,V,48,E
3a6p,H,49,E
3a6p,P,50,E
3a6p,L,51,E
3a6p,V,52,E
3a6p,F,53,E
3a6p,H,54,E
3a6p,T,55,E
3a6p,N,56,L
3a6p,R,57,L
3a6p,G,58,E
3a6p,P,59,E
3a6p,I,60,E
3a6p,K,61,E
3a6p,F,62,E
3a6p,N,63,E
3a6p,V,64,E
3a6p,W,65,E
3a6p,D,66,E
3a6p,T,67,E
3a6p,A,68,L
3a6p,G,69,L
3a6p,Q,70,L
3a6p,E,71,L
3a6p,K,72,L
3a6p,F,73,L
3a6p,G,74,L
3a6p,G,75,L
3a6p,L,76,L
3a6p,R,77,H
3a6p,D,78,H
3a6p,G,79,H
3a6p,Y,80,H
3a6p,Y,81,H
3a6p,I,82,L
3a6p,Q,83,L
3a6p,A,84,L
3a6p,Q,85,L
3a6p,C,86,E
3a6p,A,87,E
3a6p,I,88,E
3a6p,I,89,E
3a6p,M,90,E
3a6p,F,91,E
3a6p,D,92,E
3a6p,V,93,L
3a6p,T,94,L
3a6p,S,95,L
3a6p,R,96,H
3a6p,V,97,H
3a6p,T,98,H
3a6p,Y,99,H
3a6p,K,100,L
3a6p,N,101,L
3a6p,V,102,H
3a6p,P,103,H
3a6p,N,104,H
3a6p,W,105,H
3a6p,H,106,H
3a6p,R,107,H
3a6p,D,108,H
3a6p,L,109,H
3a6p,V,110,H
3a6p,R,111,H
3a6p,V,112,H
3a6p,C,113,L
3a6p,E,114,L
3a6p,N,115,L
3a6p,I,116,L
3a6p,P,117,L
3a6p,I,118,E
3a6p,V,119,E
3a6p,L,120,E
3a6p,C,121,E
3a6p,G,122,E
3a6p,N,123,E
3a6p,K,124,L
3a6p,V,125,L
3a6p,D,126,L
3a6p,I,127,L
3a6p,K,128,L
3a6p,D,129,L
3a6p,R,130,L
3a6p,K,131,L
3a6p,V,132,L
3a6p,K,133,L
3a6p,A,134,H
3a6p,K,135,H
3a6p,S,136,H
3a6p,I,137,L
3a6p,V,138,L
3a6p,F,139,H
3a6p,H,140,H
3a6p,R,141,H
3a6p,K,142,H
3a6p,K,143,H
3a6p,N,144,L
3a6p,L,145,L
3a6p,Q,146,E
3a6p,Y,147,E
3a6p,Y,148,E
3a6p,D,149,E
3a6p,I,150,L
3a6p,S,151,L
3a6p,A,152,L
3a6p,K,153,L
3a6p,S,154,L
3a6p,N,155,L
3a6p,Y,156,L
3a6p,N,157,L
3a6p,F,158,L
3a6p,E,159,L
3a6p,K,160,H
3a6p,P,161,H
3a6p,F,162,H
3a6p,L,163,H
3a6p,W,164,H
3a6p,L,165,H
3a6p,A,166,H
3a6p,R,167,H
3a6p,K,168,H
3a6p,L,169,H
3a6p,I,170,H
3a6p,G,171,L
3a6p,D,172,L
3a6p,P,173,L
3a6p,N,174,L
3a6p,L,175,L
3a6p,E,176,L
3a6p,F,177,L
1ibr,V,10,L
1ibr,Q,11,E
1ibr,F,12,E
1ibr,K,13,E
1ibr,L,14,E
1ibr,V,15,E
1ibr,L,16,E
1ibr,V,17,E
1ibr,G,18,E
1ibr,D,19,L
1ibr,G,20,L
1ibr,G,21,L
1ibr,T,22,L
1ibr,G,23,L
1ibr,K,24,H
1ibr,T,25,H
1ibr,T,26,H
1ibr,F,27,H
1ibr,V,28,H
1ibr,K,29,H
1ibr,R,30,H
1ibr,H,31,H
1ibr,L,32,H
1ibr,T,33,L
1ibr,G,34,L
1ibr,E,35,L
1ibr,F,36,L
1ibr,E,37,L
1ibr,K,38,L
1ibr,K,39,L
1ibr,Y,40,L
1ibr,V,41,L
1ibr,A,42,L
1ibr,T,43,L
1ibr,L,44,L
1ibr,G,45,L
1ibr,V,46,E
1ibr,E,47,E
1ibr,V,48,E
1ibr,H,49,E
1ibr,P,50,E
1ibr,L,51,E
1ibr,V,52,E
1ibr,F,53,E
1ibr,H,54,L
1ibr,T,55,L
1ibr,N,56,L
1ibr,R,57,L
1ibr,G,58,L
1ibr,P,59,L
1ibr,I,60,E
1ibr,K,61,E
1ibr,F,62,E
1ibr,N,63,E
1ibr,V,64,E
1ibr,W,65,E
1ibr,D,66,E
1ibr,T,67,E
1ibr,A,68,L
1ibr,G,69,L
1ibr,Q,70,L
1ibr,E,71,H
1ibr,K,72,H
1ibr,F,73,H
1ibr,G,74,L
1ibr,G,75,L
1ibr,L,76,L
1ibr,R,77,H
1ibr,D,78,H
1ibr,G,79,H
1ibr,Y,80,H
1ibr,Y,81,H
1ibr,I,82,L
1ibr,Q,83,L
1ibr,A,84,L
1ibr,Q,85,L
1ibr,C,86,E
1ibr,A,87,E
1ibr,I,88,E
1ibr,I,89,E
1ibr,M,90,E
1ibr,F,91,E
1ibr,D,92,E
1ibr,V,93,L
1ibr,T,94,L
1ibr,S,95,L
1ibr,R,96,H
1ibr,V,97,H
1ibr,T,98,H
1ibr,Y,99,H
1ibr,K,100,H
1ibr,N,101,L
1ibr,V,102,H
1ibr,P,103,H
1ibr,N,104,H
1ibr,W,105,H
1ibr,H,106,H
1ibr,R,107,H
1ibr,D,108,H
1ibr,L,109,H
1ibr,V,110,H
1ibr,R,111,L
1ibr,V,112,L
1ibr,C,113,L
1ibr,E,114,L
1ibr,N,115,L
1ibr,I,116,L
1ibr,P,117,L
1ibr,I,118,E
1ibr,V,119,E
1ibr,L,120,E
1ibr,C,121,E
1ibr,G,122,E
1ibr,N,123,E
1ibr,K,124,L
1ibr,V,125,L
1ibr,D,126,L
1ibr,I,127,L
1ibr,K,128,L
1ibr,D,129,L
1ibr,R,130,L
1ibr,K,131,L
1ibr,V,132,L
1ibr,K,133,L
1ibr,A,134,H
1ibr,K,135,H
1ibr,S,136,H
1ibr,I,137,L
1ibr,V,138,L
1ibr,F,139,H
1ibr,H,140,H
1ibr,R,141,H
1ibr,K,142,H
1ibr,K,143,H
1ibr,N,144,L
1ibr,L,145,L
1ibr,Q,146,E
1ibr,Y,147,E
1ibr,Y,148,E
1ibr,D,149,E
1ibr,I,150,L
1ibr,S,151,L
1ibr,A,152,L
1ibr,K,153,L
1ibr,S,154,L
1ibr,N,155,L
1ibr,Y,156,L
1ibr,N,157,L
1ibr,F,158,L
1ibr,E,159,L
1ibr,K,160,H
1ibr,P,161,H
1ibr,F,162,H
1ibr,L,163,H
1ibr,W,164,H
1ibr,L,165,H
1ibr,A,166,H
1ibr,R,167,H
1ibr,K,168,H
1ibr,L,169,H
1ibr,I,170,H
1ibr,G,171,L
1ibr,D,172,L
1ibr,P,173,L
1ibr,N,174,L
1ibr,L,175,L
1ibr,E,176,L
1ibr,F,177,L
1k5d,Q,9,L
1k5d,V,10,E
1k5d,Q,11,E
1k5d,F,12,E
1k5d,K,13,E
1k5d,L,14,E
1k5d,V,15,E
1k5d,L,16,E
1k5d,V,17,E
1k5d,G,18,E
1k5d,D,19,L
1k5d,G,20,L
1k5d,G,21,L
1k5d,T,22,L
1k5d,G,23,L
1k5d,K,24,H
1k5d,T,25,H
1k5d,T,26,H
1k5d,F,27,H
1k5d,V,28,H
1k5d,K,29,H
1k5d,R,30,H
1k5d,H,31,H
1k5d,L,32,H
1k5d,T,33,H
1k5d,G,34,L
1k5d,E,35,L
1k5d,F,36,L
1k5d,E,37,L
1k5d,K,38,L
1k5d,K,39,L
1k5d,Y,40,L
1k5d,V,41,L
1k5d,A,42,L
1k5d,T,43,L
1k5d,L,44,L
1k5d,G,45,L
1k5d,V,46,E
1k5d,E,47,E
1k5d,V,48,E
1k5d,H,49,E
1k5d,P,50,E
1k5d,L,51,E
1k5d,V,52,E
1k5d,F,53,E
1k5d,H,54,E
1k5d,T,55,E
1k5d,N,56,L
1k5d,R,57,L
1k5d,G,58,E
1k5d,P,59,E
1k5d,I,60,E
1k5d,K,61,E
1k5d,F,62,E
1k5d,N,63,E
1k5d,V,64,E
1k5d,W,65,E
1k5d,D,66,E
1k5d,T,67,E
1k5d,A,68,L
1k5d,G,69,L
1k5d,Q,70,L
1k5d,E,71,L
1k5d,K,72,L
1k5d,F,73,L
1k5d,G,74,L
1k5d,G,75,H
1k5d,L,76,H
1k5d,R,77,H
1k5d,D,78,H
1k5d,G,79,H
1k5d,Y,80,H
1k5d,Y,81,H
1k5d,I,82,L
1k5d,Q,83,L
1k5d,A,84,L
1k5d,Q,85,L
1k5d,C,86,E
1k5d,A,87,E
1k5d,I,88,E
1k5d,I,89,E
1k5d,M,90,E
1k5d,F,91,E
1k5d,D,92,E
1k5d,V,93,L
1k5d,T,94,L
1k5d,S,95,L
1k5d,R,96,H
1k5d,V,97,H
1k5d,T,98,H
1k5d,Y,99,H
1k5d,K,100,H
1k5d,N,101,L
1k5d,V,102,H
1k5d,P,103,H
1k5d,N,104,H
1k5d,W,105,H
1k5d,H,106,H
1k5d,R,107,H
1k5d,D,108,H
1k5d,L,109,H
1k5d,V,110,H
1k5d,R,111,H
1k5d,V,112,H
1k5d,C,113,H
1k5d,E,114,L
1k5d,N,115,L
1k5d,I,116,L
1k5d,P,117,L
1k5d,I,118,E
1k5d,V,119,E
1k5d,L,120,E
1k5d,C,121,E
1k5d,G,122,E
1k5d,N,123,E
1k5d,K,124,L
1k5d,V,125,L
1k5d,D,126,L
1k5d,I,127,L
1k5d,K,128,L
1k5d,D,129,L
1k5d,R,130,L
1k5d,K,131,L
1k5d,V,132,L
1k5d,K,133,L
1k5d,A,134,L
1k5d,K,135,L
1k5d,S,136,L
1k5d,I,137,L
1k5d,V,138,L
1k5d,F,139,H
1k5d,H,140,H
1k5d,R,141,H
1k5d,K,142,H
1k5d,K,143,H
1k5d,N,144,L
1k5d,L,145,L
1k5d,Q,146,E
1k5d,Y,147,E
1k5d,Y,148,E
1k5d,D,149,E
1k5d,I,150,L
1k5d,S,151,L
1k5d,A,152,L
1k5d,K,153,L
1k5d,S,154,L
1k5d,N,155,L
1k5d,Y,156,L
1k5d,N,157,L
1k5d,F,158,L
1k5d,E,159,L
1k5d,K,160,H
1k5d,P,161,H
1k5d,F,162,H
1k5d,L,163,H
1k5d,W,164,H
1k5d,L,165,H
1k5d,A,166,H
1k5d,R,167,H
1k5d,K,168,H
1k5d,L,169,H
1k5d,I,170,L
1k5d,G,171,L
1k5d,D,172,L
1k5d,P,173,L
1k5d,N,174,L
1k5d,L,175,L
1k5d,E,176,L
1k5d,F,177,E
1k5d,V,178,L
1k5d,A,179,L
1k5d,M,180,L
1k5d,P,181,L
1k5d,A,182,L
1k5d,L,183,L
1k5d,A,184,L
1k5d,P,185,L
1k5d,P,186,L
1k5d,E,187,L
1k5d,V,188,L
1k5d,V,189,L
1k5d,M,190,L
1k5d,D,191,L
1k5d,P,192,H
1k5d,A,193,H
1k5d,L,194,H
1k5d,A,195,L
1k5d,A,196,H
1k5d,Q,197,H
1k5d,Y,198,H
1k5d,E,199,H
1k5d,H,200,H
1k5d,D,201,H
1k5d,L,202,H
1k5d,E,203,H
1k5d,V,204,H
1k5d,A,205,H
1k5d,Q,206,H
1k5d,T,207,H
1k5d,T,208,L
1k5d,A,209,L
1k5d,L,210,L
1k5d,P,211,L
1k5d,D,212,L
1k5d,E,213,L
1k5d,D,214,L
3icq,P,10,L
3icq,T,11,E
3icq,F,12,E
3icq,K,13,E
3icq,L,14,E
3icq,V,15,E
3icq,L,16,E
3icq,V,17,E
3icq,G,18,E
3icq,D,19,L
3icq,G,20,L
3icq,G,21,L
3icq,T,22,L
3icq,G,23,L
3icq,K,24,H
3icq,T,25,H
3icq,T,26,H
3icq,F,27,H
3icq,V,28,H
3icq,K,29,H
3icq,R,30,H
3icq,H,31,H
3icq,L,32,H
3icq,T,33,L
3icq,G,34,L
3icq,E,35,L
3icq,F,36,L
3icq,E,37,L
3icq,K,38,L
3icq,K,39,L
3icq,Y,40,L
3icq,I,41,L
3icq,A,42,L
3icq,T,43,L
3icq,I,44,L
3icq,G,45,L
3icq,V,46,E
3icq,E,47,E
3icq,V,48,E
3icq,H,49,E
3icq,P,50,E
3icq,L,51,E
3icq,S,52,E
3icq,F,53,E
3icq,Y,54,E
3icq,T,55,L
3icq,N,56,L
3icq,F,57,L
3icq,G,58,L
3icq,E,59,E
3icq,I,60,E
3icq,K,61,E
3icq,F,62,E
3icq,D,63,E
3icq,V,64,E
3icq,W,65,E
3icq,D,66,E
3icq,T,67,E
3icq,A,68,L
3icq,G,69,L
3icq,L,70,L
3icq,E,71,L
3icq,K,72,L
3icq,F,73,L
3icq,G,74,L
3icq,G,75,L
3icq,L,76,L
3icq,R,77,H
3icq,D,78,H
3icq,G,79,H
3icq,Y,80,H
3icq,Y,81,H
3icq,I,82,L
3icq,N,83,L
3icq,A,84,L
3icq,Q,85,L
3icq,C,86,E
3icq,A,87,E
3icq,I,88,E
3icq,I,89,E
3icq,M,90,E
3icq,F,91,E
3icq,D,92,E
3icq,V,93,L
3icq,T,94,L
3icq,S,95,L
3icq,R,96,H
3icq,I,97,H
3icq,T,98,H
3icq,Y,99,H
3icq,K,100,H
3icq,N,101,L
3icq,V,102,H
3icq,P,103,H
3icq,N,104,H
3icq,W,105,H
3icq,H,106,H
3icq,R,107,H
3icq,D,108,H
3icq,L,109,H
3icq,V,110,H
3icq,R,111,H
3icq,V,112,H
3icq,C,113,L
3icq,E,114,L
3icq,N,115,L
3icq,I,116,L
3icq,P,117,L
3icq,I,118,E
3icq,V,119,E
3icq,L,120,E
3icq,C,121,E
3icq,G,122,E
3icq,N,123,E
3icq,K,124,L
3icq,V,125,L
3icq,D,126,L
3icq,V,127,L
3icq,K,128,L
3icq,E,129,L
3icq,R,130,L
3icq,K,131,L
3icq,V,132,L
3icq,K,133,L
3icq,A,134,H
3icq,K,135,H
3icq,T,136,H
3icq,I,137,L
3icq,T,138,L
3icq,F,139,H
3icq,H,140,H
3icq,R,141,H
3icq,K,142,H
3icq,K,143,L
3icq,N,144,L
3icq,L,145,L
3icq,Q,146,E
3icq,Y,147,E
3icq,Y,148,E
3icq,D,149,E
3icq,I,150,E
3icq,S,151,L
3icq,A,152,L
3icq,K,153,L
3icq,S,154,L
3icq,N,155,L
3icq,Y,156,L
3icq,N,157,L
3icq,F,158,L
3icq,E,159,L
3icq,K,160,H
3icq,P,161,H
3icq,F,162,H
3icq,L,163,H
3icq,W,164,H
3icq,L,165,H
3icq,A,166,H
3icq,R,167,H
3icq,K,168,H
3icq,L,169,H
3icq,A,170,L
3icq,G,171,L
3icq,N,172,L
3icq,P,173,L
3icq,Q,174,L
3icq,L,175,L
3icq,E,176,L
3ea5,E,7,L
3ea5,P,8,L
3ea5,Q,9,L
3ea5,V,10,L
3ea5,Q,11,E
3ea5,F,12,E
3ea5,K,13,E
3ea5,L,14,E
3ea5,V,15,E
3ea5,L,16,E
3ea5,V,17,E
3ea5,G,18,E
3ea5,D,19,L
3ea5,G,20,L
3ea5,G,21,L
3ea5,T,22,L
3ea5,G,23,L
3ea5,K,24,H
3ea5,T,25,H
3ea5,T,26,H
3ea5,F,27,H
3ea5,V,28,H
3ea5,K,29,H
3ea5,R,30,H
3ea5,H,31,H
3ea5,L,32,H
3ea5,T,33,H
3ea5,G,34,L
3ea5,E,35,L
3ea5,F,36,L
3ea5,E,37,L
3ea5,K,38,L
3ea5,K,39,L
3ea5,Y,40,L
3ea5,V,41,L
3ea5,A,42,L
3ea5,T,43,L
3ea5,L,44,L
3ea5,G,45,L
3ea5,V,46,E
3ea5,E,47,E
3ea5,V,48,E
3ea5,H,49,E
3ea5,P,50,E
3ea5,L,51,E
3ea5,V,52,E
3ea5,F,53,E
3ea5,H,54,E
3ea5,T,55,E
3ea5,N,56,L
3ea5,R,57,L
3ea5,G,58,E
3ea5,P,59,E
3ea5,I,60,E
3ea5,K,61,E
3ea5,F,62,E
3ea5,N,63,E
3ea5,V,64,E
3ea5,W,65,E
3ea5,D,66,E
3ea5,T,67,E
3ea5,A,68,L
3ea5,G,69,L
3ea5,Q,70,L
3ea5,E,71,H
3ea5,K,72,H
3ea5,F,73,H
3ea5,G,74,L
3ea5,G,75,L
3ea5,L,76,L
3ea5,R,77,H
3ea5,D,78,H
3ea5,G,79,H
3ea5,Y,80,H
3ea5,Y,81,H
3ea5,I,82,L
3ea5,Q,83,L
3ea5,A,84,L
3ea5,Q,85,L
3ea5,C,86,E
3ea5,A,87,E
3ea5,I,88,E
3ea5,I,89,E
3ea5,M,90,E
3ea5,F,91,E
3ea5,D,92,E
3ea5,V,93,L
3ea5,T,94,L
3ea5,S,95,L
3ea5,R,96,H
3ea5,V,97,H
3ea5,T,98,H
3ea5,Y,99,H
3ea5,K,100,H
3ea5,N,101,L
3ea5,V,102,H
3ea5,P,103,H
3ea5,N,104,H
3ea5,W,105,H
3ea5,H,106,H
3ea5,R,107,H
3ea5,D,108,H
3ea5,L,109,H
3ea5,V,110,H
3ea5,R,111,H
3ea5,V,112,H
3ea5,C,113,L
3ea5,E,114,L
3ea5,N,115,L
3ea5,I,116,L
3ea5,P,117,L
3ea5,I,118,E
3ea5,V,119,E
3ea5,L,120,E
3ea5,C,121,E
3ea5,G,122,E
3ea5,N,123,E
3ea5,K,124,L
3ea5,V,125,L
3ea5,D,126,L
3ea5,I,127,L
3ea5,K,128,L
3ea5,D,129,L
3ea5,R,130,L
3ea5,K,131,L
3ea5,V,132,L
3ea5,K,133,L
3ea5,A,134,H
3ea5,K,135,H
3ea5,S,136,H
3ea5,I,137,L
3ea5,V,138,L
3ea5,F,139,H
3ea5,H,140,H
3ea5,R,141,H
3ea5,K,142,L
3ea5,K,143,L
3ea5,N,144,L
3ea5,L,145,E
3ea5,Q,146,E
3ea5,Y,147,E
3ea5,Y,148,E
3ea5,D,149,E
3ea5,I,150,L
3ea5,S,151,L
3ea5,A,152,L
3ea5,K,153,L
3ea5,S,154,L
3ea5,N,155,L
3ea5,Y,156,L
3ea5,N,157,L
3ea5,F,158,L
3ea5,E,159,L
3ea5,K,160,H
3ea5,P,161,H
3ea5,F,162,H
3ea5,L,163,H
3ea5,W,164,H
3ea5,L,165,H
3ea5,A,166,H
3ea5,R,167,H
3ea5,K,168,H
3ea5,L,169,H
3ea5,I,170,H
3ea5,G,171,L
3ea5,D,172,L
3ea5,P,173,L
3ea5,N,174,L
3ea5,L,175,L
3ea5,E,176,L
3ea5,F,177,E
3ea5,V,178,L
3ea5,A,179,L
3ea5,M,180,L
4ol0,Q,9,L
4ol0,V,10,E
4ol0,Q,11,E
4ol0,F,12,E
4ol0,K,13,E
4ol0,L,14,E
4ol0,V,15,E
4ol0,L,16,E
4ol0,V,17,E
4ol0,G,18,E
4ol0,D,19,L
4ol0,G,20,L
4ol0,G,21,L
4ol0,T,22,L
4ol0,G,23,L
4ol0,K,24,H
4ol0,T,25,H
4ol0,T,26,H
4ol0,F,27,H
4ol0,V,28,H
4ol0,K,29,H
4ol0,R,30,H
4ol0,H,31,H
4ol0,L,32,L
4ol0,T,33,L
4ol0,G,34,L
4ol0,E,35,L
4ol0,F,36,L
4ol0,E,37,L
4ol0,K,38,L
4ol0,K,39,L
4ol0,Y,40,L
4ol0,V,41,L
4ol0,A,42,L
4ol0,T,43,L
4ol0,L,44,L
4ol0,G,45,L
4ol0,V,46,E
4ol0,E,47,E
4ol0,V,48,E
4ol0,H,49,E
4ol0,P,50,E
4ol0,L,51,E
4ol0,V,52,E
4ol0,F,53,E
4ol0,H,54,E
4ol0,T,55,E
4ol0,N,56,L
4ol0,R,57,L
4ol0,G,58,E
4ol0,P,59,E
4ol0,I,60,E
4ol0,K,61,E
4ol0,F,62,E
4ol0,N,63,E
4ol0,V,64,E
4ol0,W,65,E
4ol0,D,66,E
4ol0,T,67,E
4ol0,A,68,L
4ol0,G,69,L
4ol0,Q,70,L
4ol0,E,71,H
4ol0,K,72,H
4ol0,F,73,H
4ol0,G,74,L
4ol0,G,75,L
4ol0,L,76,L
4ol0,R,77,H
4ol0,D,78,H
4ol0,G,79,H
4ol0,Y,80,H
4ol0,Y,81,L
4ol0,I,82,L
4ol0,Q,83,L
4ol0,A,84,L
4ol0,Q,85,L
4ol0,C,86,E
4ol0,A,87,E
4ol0,I,88,E
4ol0,I,89,E
4ol0,M,90,E
4ol0,F,91,E
4ol0,D,92,E
4ol0,V,93,L
4ol0,T,94,L
4ol0,S,95,L
4ol0,R,96,H
4ol0,V,97,H
4ol0,T,98,H
4ol0,Y,99,H
4ol0,K,100,H
4ol0,N,101,L
4ol0,V,102,H
4ol0,P,103,H
4ol0,N,104,H
4ol0,W,105,H
4ol0,H,106,H
4ol0,R,107,H
4ol0,D,108,H
4ol0,L,109,H
4ol0,V,110,H
4ol0,R,111,H
4ol0,V,112,H
4ol0,C,113,L
4ol0,E,114,L
4ol0,N,115,L
4ol0,I,116,L
4ol0,P,117,L
4ol0,I,118,E
4ol0,V,119,E
4ol0,L,120,E
4ol0,C,121,E
4ol0,G,122,E
4ol0,N,123,E
4ol0,K,124,L
4ol0,V,125,L
4ol0,D,126,L
4ol0,I,127,L
4ol0,K,128,L
4ol0,D,129,L
4ol0,R,130,L
4ol0,K,131,L
4ol0,V,132,L
4ol0,K,133,L
4ol0,A,134,H
4ol0,K,135,H
4ol0,S,136,H
4ol0,I,137,L
4ol0,V,138,L
4ol0,F,139,H
4ol0,H,140,H
4ol0,R,141,H
4ol0,K,142,L
4ol0,K,143,L
4ol0,N,144,L
4ol0,L,145,E
4ol0,Q,146,E
4ol0,Y,147,E
4ol0,Y,148,E
4ol0,D,149,E
4ol0,I,150,L
4ol0,S,151,E
4ol0,A,152,L
4ol0,K,153,L
4ol0,S,154,L
4ol0,N,155,L
4ol0,Y,156,E
4ol0,N,157,L
4ol0,F,158,L
4ol0,E,159,L
4ol0,K,160,H
4ol0,P,161,H
4ol0,F,162,H
4ol0,L,163,H
4ol0,W,164,H
4ol0,L,165,H
4ol0,A,166,H
4ol0,R,167,H
4ol0,K,168,H
4ol0,L,169,H
4ol0,I,170,H
4ol0,G,171,L
4ol0,D,172,L
4ol0,P,173,L
4ol0,N,174,L
4ol0,L,175,L
4ol0,E,176,L
4ol0,F,177,E
4ol0,V,178,L
4ol0,A,179,L
4ol0,M,180,L
