amino_acid,position,1a2k,1i2m,1ibr,1k5d,1qbk,1wa5,2bku,3a6p,3ch5,3ea5,3gj0,3icq,3m1i,3nc1,3w3z,3wyf,4hb2,4ol0,consensus_ss
M,1,,,,,,,,,,,,,,,,,,,L
S,2,,,,,,,,,,,,,,,,,,,L
A,3,,,,,,,,,,,L,,,,,,,,L
P,4,,,,,,,,,,,L,,,,,,,,L
A,5,,,,,,,,,,,L,,,,,,,,L
A,6,,,,,,,,,,,L,,,,,,,,L
N,7,,,,,,,,,,L,L,,,,L,,,,L
G,8,,,,,,L,,L,L,L,L,,,,L,,,,L
E,9,L,L,,L,L,L,,L,L,L,L,,L,L,L,L,,L,L
V,10,L,E,L,E,L,L,L,E,L,L,L,L,L,L,E,L,L,E,L
P,11,E,E,E,E,L,E,E,E,E,E,L,E,E,E,E,E,E,E,E
T,12,E,E,E,E,L,E,E,E,E,E,E,E,E,E,E,E,E,E,E
F,13,E,E,E,E,E,E,E,E,E,E,E,E,E,E,E,E,E,E,E
K,14,E,E,E,E,E,E,E,E,E,E,E,E,E,E,E,E,E,E,E
L,15,E,E,E,E,E,E,E,E,E,E,E,E,E,E,E,E,E,E,E
V,16,E,E,E,E,E,E,E,E,E,E,E,E,E,E,E,E,E,E,E
L,17,E,E,E,E,L,E,E,E,E,E,E,E,E,E,E,E,E,E,E
V,18,E,E,E,E,L,E,E,E,E,E,E,E,E,E,E,E,E,E,E
G,19,L,L,L,L,L,L,L,L,L,L,E,L,L,L,L,L,L,L,L
D,20,L,L,L,L,L,L,L,L,L,L,L,L,L,L,L,L,L,L,L
G,21,L,L,L,L,L,L,L,L,L,L,L,L,L,L,L,L,L,L,L
G,22,L,L,L,L,L,L,L,L,L,L,L,L,L,L,L,L,L,L,L
T,23,L,L,L,L,L,L,L,L,L,L,L,L,L,L,L,L,L,L,L
G,24,H,H,H,H,H,H,H,H,H,H,L,H,H,H,H,H,H,H,H
K,25,H,H,H,H,H,H,H,H,H,H,H,H,H,H,H,H,H,H,H
T,26,H,H,H,H,H,H,H,H,H,H,H,H,H,H,H,H,H,H,H
T,27,H,H,H,H,H,H,H,H,H,H,H,H,H,H,H,H,H,H,H
F,28,H,H,H,H,H,H,H,H,H,H,H,H,H,H,H,H,H,H,H
V,29,H,H,H,H,H,H,H,H,H,H,H,H,H,H,H,H,H,H,H
K,30,H,H,H,H,H,H,H,H,H,H,H,H,H,H,H,H,H,H,H
R,31,E,H,H,H,H,H,H,H,E,H,H,H,H,H,H,H,H,H,H
H,32,H,L,H,H,H,H,H,H,H,H,E,H,H,H,H,H,H,L,H
L,33,H,,L,H,L,L,H,L,H,H,H,L,H,H,H,H,H,L,H
T,34,H,,L,L,L,L,L,L,H,L,H,L,L,L,L,L,L,L,L
G,35,H,,L,L,L,L,L,L,H,L,H,L,L,L,L,L,L,L,L
E,36,H,,L,L,L,L,L,L,H,L,H,L,L,L,L,L,L,L,L
F,37,L,,L,L,L,L,L,L,L,L,H,L,L,L,L,L,L,L,L
E,38,L,L,L,L,L,L,L,L,L,L,L,L,L,L,L,L,L,L,L
K,39,E,L,L,L,L,L,L,L,E,L,L,L,L,L,L,L,L,L,L
K,40,E,E,L,L,L,L,L,L,E,L,E,L,L,L,L,L,L,L,L
Y,41,E,E,L,L,L,L,L,L,E,L,E,L,L,L,L,L,L,L,L
I,42,L,E,L,L,L,L,L,L,H,L,E,L,L,L,L,L,L,L,L
A,43,L,E,L,L,L,L,L,L,H,L,H,L,L,L,L,L,L,L,L
T,44,L,L,L,L,L,L,L,L,H,L,H,L,L,L,L,L,L,L,L
I,45,L,L,L,L,L,L,L,L,L,L,H,L,L,L,L,L,L,L,L
G,46,E,E,E,E,L,E,E,E,E,E,L,E,E,E,E,E,E,E,E
V,47,E,E,E,E,E,E,E,E,E,E,E,E,E,E,E,E,E,E,E
E,48,E,E,E,E,E,E,E,E,E,E,E,E,E,E,E,E,E,E,E
V,49,E,E,E,E,E,E,E,E,E,E,E,E,E,E,E,E,E,E,E
H,50,E,E,E,E,E,E,E,E,E,E,E,E,E,E,E,E,E,E,E
P,51,E,E,E,E,E,E,E,E,E,E,E,E,E,E,E,E,E,E,E
L,52,E,E,E,E,E,E,E,E,E,E,E,E,E,E,E,E,E,E,E
S,53,E,E,E,E,E,E,E,E,E,E,E,E,E,E,E,E,E,E,E
F,54,E,L,L,E,E,E,E,E,E,E,E,E,E,E,E,E,E,E,E
Y,55,E,E,L,E,E,E,L,E,E,E,E,L,E,E,E,E,E,E,E
T,56,L,L,L,L,L,L,L,L,L,L,E,L,L,L,L,L,L,L,L
N,57,L,L,L,L,L,L,L,L,L,L,L,L,L,L,L,L,L,L,L
F,58,E,L,L,E,E,E,L,E,E,E,L,L,E,E,E,E,E,E,E
G,59,E,L,L,E,E,E,E,E,E,E,E,E,E,E,E,E,E,E,E
E,60,E,E,E,E,E,E,E,E,E,E,E,E,E,E,E,E,E,E,E
I,61,E,E,E,E,E,E,E,E,E,E,E,E,E,E,E,E,E,E,E
K,62,E,E,E,E,E,E,E,E,E,E,E,E,E,E,E,E,E,E,E
F,63,E,E,E,E,E,E,E,E,E,E,E,E,E,E,E,E,E,E,E
D,64,E,E,E,E,E,E,E,E,E,E,E,E,E,E,E,E,E,E,E
V,65,E,E,E,E,E,E,E,E,E,E,E,E,E,E,E,E,E,E,E
W,66,E,E,E,E,E,E,E,E,E,E,E,E,E,E,E,E,E,E,E
D,67,E,L,E,E,L,E,E,E,E,E,E,E,E,E,E,E,E,E,E
T,68,L,L,L,L,L,L,L,L,L,L,E,L,L,L,L,L,L,L,L
A,69,L,L,L,L,L,L,L,L,L,L,L,L,L,L,L,L,L,L,L
G,70,H,H,L,L,L,L,L,L,H,L,L,L,L,L,L,L,L,L,L
Q,71,H,H,H,L,L,H,H,L,H,H,H,L,H,H,H,H,H,H,H
E,72,H,H,H,L,L,H,H,L,H,H,H,L,H,H,H,H,H,H,H
K,73,L,H,H,L,L,H,H,L,L,H,H,L,H,H,H,H,H,H,H
F,74,L,L,L,L,L,L,L,L,L,L,L,L,L,L,H,L,L,L,L
G,75,L,L,L,H,L,L,L,L,L,L,L,L,L,L,L,L,L,L,L
G,76,L,L,L,H,L,L,L,L,L,L,L,L,L,L,L,L,L,L,L
L,77,L,H,H,H,L,H,H,H,L,H,L,H,H,H,L,H,H,H,H
R,78,H,H,H,H,L,H,H,H,H,H,L,H,H,H,H,H,H,H,H
D,79,H,H,H,H,L,H,H,H,H,H,H,H,H,H,H,H,H,H,H
G,80,H,H,H,H,L,H,H,H,H,H,H,H,H,H,H,H,H,H,H
Y,81,H,L,H,H,L,H,H,H,H,H,H,H,H,H,L,H,H,L,H
Y,82,L,L,L,L,L,L,L,L,L,L,H,L,L,L,L,L,L,L,L
I,83,L,L,L,L,L,L,L,L,L,L,L,L,L,L,L,L,L,L,L
N,84,L,L,L,L,L,L,L,L,L,L,L,L,L,L,L,L,L,L,L
A,85,L,L,L,L,L,L,L,L,L,L,L,L,L,L,L,L,L,L,L
Q,86,E,E,E,E,E,E,E,E,E,E,L,E,E,E,E,E,E,E,E
C,87,E,E,E,E,E,E,E,E,E,E,E,E,E,E,E,E,E,E,E
A,88,E,E,E,E,E,E,E,E,E,E,E,E,E,E,E,E,E,E,E
I,89,E,E,E,E,E,E,E,E,E,E,E,E,E,E,E,E,E,E,E
I,90,E,E,E,E,E,E,E,E,E,E,E,E,E,E,E,E,E,E,E
M,91,E,E,E,E,L,E,E,E,E,E,E,E,E,E,E,E,E,E,E
F,92,E,E,E,E,L,E,E,E,E,E,E,E,E,E,E,E,E,E,E
D,93,L,L,L,L,L,L,L,L,L,L,E,L,L,L,L,L,L,L,L
V,94,L,L,L,L,L,L,L,L,L,L,L,L,L,L,L,L,L,L,L
T,95,L,L,L,L,L,L,L,L,L,L,L,L,L,L,L,L,L,L,L
S,96,H,H,H,H,L,H,H,H,H,H,L,H,H,H,H,H,H,H,H
R,97,H,H,H,H,L,H,H,H,H,H,H,H,H,H,H,H,H,H,H
I,98,H,H,H,H,L,H,H,H,H,H,H,H,H,H,H,H,H,H,H
T,99,H,H,H,H,L,H,H,H,H,H,H,H,H,H,H,H,H,H,H
Y,100,H,L,H,H,L,H,H,L,H,H,H,H,H,H,H,H,H,H,H
K,101,L,L,L,L,L,L,L,L,L,L,H,L,L,L,L,L,L,L,L
N,102,H,H,H,H,L,H,H,H,H,H,L,H,H,H,H,H,H,H,H
V,103,H,H,H,H,H,H,H,H,H,H,H,H,H,H,H,H,H,H,H
P,104,H,H,H,H,H,H,H,H,H,H,H,H,H,H,H,H,H,H,H
N,105,H,H,H,H,H,H,H,H,H,H,H,H,H,H,H,H,H,H,H
W,106,H,H,H,H,H,H,H,H,H,H,H,H,H,H,H,H,H,H,H
H,107,H,H,H,H,H,H,H,H,H,H,H,H,H,H,H,H,H,H,H
R,108,H,H,H,H,H,H,H,H,H,H,H,H,H,H,H,H,H,H,H
D,109,H,H,H,H,H,H,H,H,H,H,H,H,H,H,H,H,H,H,H
L,110,H,H,H,H,H,H,H,H,H,H,H,H,H,H,H,H,H,H,H
V,111,H,H,L,H,L,H,L,H,H,H,H,H,H,H,H,H,H,H,H
R,112,H,H,L,H,L,H,L,H,H,H,H,H,H,H,H,H,H,H,H
V,113,L,H,L,H,L,L,L,L,L,L,H,L,L,L,L,L,L,L,L
C,114,L,L,L,L,L,L,L,L,L,L,L,L,L,L,L,L,L,L,L
E,115,L,L,L,L,L,L,L,L,L,L,L,L,L,L,L,L,L,L,L
N,116,L,L,L,L,L,L,L,L,L,L,L,L,L,L,L,L,L,L,L
I,117,L,L,L,L,L,L,L,L,L,L,L,L,L,L,L,L,L,L,L
P,118,E,E,E,E,E,E,E,E,E,E,L,E,E,E,E,E,E,E,E
I,119,E,E,E,E,E,E,E,E,E,E,E,E,E,E,E,E,E,E,E
V,120,E,E,E,E,E,E,E,E,E,E,E,E,E,E,E,E,E,E,E
L,121,E,E,E,E,E,E,E,E,E,E,E,E,E,E,E,E,E,E,E
C,122,E,E,E,E,E,E,E,E,E,E,E,E,E,E,E,E,E,E,E
G,123,E,E,E,E,L,E,E,E,E,E,E,E,E,E,E,E,E,E,E
N,124,L,L,L,L,L,L,L,L,L,L,E,L,L,L,L,L,L,L,L
K,125,L,L,L,L,L,L,L,L,L,L,L,L,L,L,L,L,L,L,L
V,126,L,L,L,L,L,L,L,L,L,L,L,L,L,L,L,L,L,L,L
D,127,L,L,L,L,L,L,L,L,L,L,L,L,L,L,L,L,L,L,L
V,128,L,L,L,L,L,L,L,L,L,L,L,L,L,L,L,L,L,L,L
K,129,L,L,L,L,L,L,L,L,L,L,L,L,L,L,L,L,L,L,L
E,130,L,L,L,L,L,L,L,L,L,L,L,L,L,L,L,L,L,L,L
R,131,L,L,L,L,L,L,L,L,L,L,L,L,L,L,L,L,L,L,L
K,132,L,H,L,L,L,L,L,L,L,L,L,L,L,L,L,L,L,L,L
V,133,L,H,L,L,L,L,L,L,L,L,L,L,L,L,L,L,L,L,L
K,134,H,H,H,L,H,L,H,H,H,H,L,H,H,H,L,H,H,H,H
A,135,H,H,H,L,H,L,H,H,H,H,H,H,H,H,L,H,H,H,H
K,136,H,L,H,L,H,L,H,H,H,H,H,H,H,H,L,H,H,H,H
T,137,H,H,L,L,L,L,L,L,L,L,H,L,L,L,L,L,L,L,L
I,138,L,H,L,L,L,L,L,L,,L,L,L,L,L,L,L,L,L,L
T,139,L,H,H,H,H,H,H,H,,H,L,H,H,H,H,H,H,H,H
F,140,L,H,H,H,H,H,H,H,,H,H,H,H,H,H,H,H,H,H
H,141,L,L,H,H,H,H,H,H,,H,H,H,H,H,H,H,H,H,H
R,142,L,L,H,H,H,H,H,H,,L,H,H,H,H,H,H,H,L,H
K,143,L,L,H,H,H,H,L,H,,L,H,L,H,L,H,H,H,L,H
K,144,L,L,L,L,H,L,L,L,L,L,H,L,L,L,L,L,L,L,L
N,145,E,L,L,L,L,L,L,L,L,E,L,L,L,L,L,L,L,E,L
L,146,E,E,E,E,E,E,E,E,E,E,L,E,E,E,E,E,E,E,E
Q,147,E,E,E,E,E,E,E,E,E,E,E,E,E,E,E,E,E,E,E
Y,148,E,E,E,E,E,E,E,E,E,E,E,E,E,E,E,E,E,E,E
Y,149,E,E,E,E,E,E,E,E,E,E,E,E,E,L,E,E,E,E,E
D,150,L,E,L,L,L,E,L,L,L,L,E,E,L,L,L,L,L,L,L
I,151,E,E,L,L,E,E,E,L,E,L,L,L,L,L,L,L,L,E,L
S,152,L,L,L,L,L,L,L,L,L,L,E,L,L,L,L,L,L,L,L
A,153,L,H,L,L,L,L,L,L,L,L,H,L,L,L,L,L,L,L,L
K,154,L,H,L,L,L,L,L,L,L,L,H,L,L,L,L,L,L,L,L
S,155,L,H,L,L,L,L,L,L,L,L,H,L,L,L,L,L,L,L,L
N,156,E,E,L,L,E,E,E,L,E,L,L,L,L,L,L,L,L,E,L
Y,157,L,L,L,L,L,L,L,L,L,L,E,L,L,L,L,L,L,L,L
N,158,L,L,L,L,L,L,L,L,L,L,L,L,L,L,L,L,L,L,L
F,159,H,L,L,L,L,L,L,L,L,L,L,L,L,L,L,L,L,L,L
E,160,H,H,H,H,H,H,H,H,H,H,L,H,H,H,H,H,H,H,H
K,161,H,H,H,H,H,H,H,H,H,H,H,H,H,H,H,H,H,H,H
P,162,H,H,H,H,H,H,H,H,H,H,H,H,H,H,H,H,H,H,H
F,163,H,H,H,H,H,H,H,H,H,H,H,H,H,H,H,H,H,H,H
L,164,H,H,H,H,H,H,H,H,H,H,H,H,H,H,H,H,H,H,H
W,165,H,H,H,H,H,H,H,H,H,H,H,H,H,H,H,H,H,H,H
L,166,H,H,H,H,H,H,H,H,H,H,H,H,H,H,H,H,H,H,H
A,167,H,H,H,H,H,H,H,H,H,H,H,H,H,H,H,H,H,H,H
R,168,H,H,H,H,H,H,H,H,H,H,H,H,H,H,H,H,H,H,H
K,169,H,H,H,H,H,H,H,H,H,H,H,H,H,H,H,H,H,H,H
L,170,H,H,H,L,H,H,H,H,H,H,H,L,H,H,H,H,H,H,H
A,171,H,L,L,L,H,L,L,L,L,L,H,L,L,L,L,L,L,L,L
G,172,L,L,L,L,L,L,L,L,L,L,L,L,L,L,L,L,L,L,L
N,173,L,L,L,L,L,L,L,L,L,L,L,L,L,L,L,L,L,L,L
P,174,L,L,L,L,L,L,L,L,L,L,L,L,L,L,L,L,L,L,L
Q,175,L,L,L,L,L,L,L,L,L,L,L,L,L,L,L,L,L,L,L
L,176,L,L,L,L,L,L,L,L,L,L,L,L,L,L,L,L,L,L,L
E,177,E,E,L,E,E,L,L,L,E,E,L,,E,E,L,E,E,E,E
F,178,L,L,,L,L,,L,,L,L,E,,L,L,,L,L,L,L
V,179,L,,,L,L,,,,L,L,E,,L,L,,L,L,L,L
A,180,L,,,L,L,,,,L,L,E,,L,L,,L,L,L,L
S,181,L,,,L,L,,,,L,,L,,L,L,,L,L,,L
P,182,L,,,L,L,,,,L,,L,,L,,,L,L,,L
A,183,E,,,L,L,,,,E,,L,,L,,,L,L,,L
L,184,L,,,L,L,,,,L,,E,,L,,,L,L,,L
A,185,L,,,L,L,,,,L,,L,,L,,,L,L,,L
P,186,L,,,L,L,,,,L,,L,,L,,,L,L,,L
P,187,L,,,L,L,,,,L,,L,,L,,,,L,,L
E,188,L,,,L,L,,,,L,,L,,,,,,L,,L
V,189,L,,,L,L,,,,L,,L,,,,,,,,L
Q,190,L,,,L,L,,,,L,,L,,,,,,,,L
V,191,L,,,L,L,,,,L,,L,,,,,,,,L
D,192,H,,,H,L,,,,H,,L,,,,,,,,H
E,193,H,,,H,L,,,,H,,H,,,,,,L,,H
Q,194,H,,,H,L,,,,H,,H,,,,,,L,,H
L,195,H,,,L,L,,,,H,,H,,,,,,L,,H
M,196,H,,,H,L,,,,H,,H,,L,,,,L,,H
Q,197,H,,,H,L,,,,H,,H,,L,,,,L,,H
Q,198,H,,,H,L,,,,H,,H,,L,,,,L,,H
Y,199,H,,,H,,,,,H,,H,,H,,,,L,,H
Q,200,H,,,H,,,,,H,,H,,H,,,,H,,H
Q,201,H,,,H,,,,,H,,H,,H,,,,H,,H
E,202,L,,,H,,,,,H,,H,,H,,,L,H,,H
M,203,L,,,H,,,,,H,,H,,H,,,L,H,,H
E,204,L,,,H,,,,,H,,H,,H,,,L,H,,H
Q,205,,,,H,,,,,H,,H,,H,,,L,H,,H
A,206,,,,H,,,,,L,,H,,H,,,L,H,,H
T,207,,,,H,,,,,,,H,,H,,,L,H,,H
A,208,,,,L,,,,,,,H,,L,,,L,L,,L
L,209,,,,L,,,,,,,L,,L,,,L,L,,L
P,210,,,,L,,,,,,,,,L,,,L,L,,L
L,211,,,,L,,,,,,,,,L,,,L,L,,L
P,212,,,,L,,,,,,,,,L,,,L,L,,L
D,213,,,,L,,,,,,,,,L,,,,L,,L
E,214,,,,L,,,,,,,,,L,,,,L,,L
D,215,,,,,,,,,,,,,L,,,,L,,L
D,216,,,,,,,,,,,,,L,,,,L,,L
A,217,,,,,,,,,,,,,,,,,L,,L
D,218,,,,,,,,,,,,,,,,,,,L
L,219,,,,,,,,,,,,,,,,,,,L
