pos,tox,sca,gof_all,gof_2plus
11,false,false,false,false
12,false,false,false,false
13,false,false,true,false
14,false,true,false,false
15,false,false,false,false
16,false,false,false,false
17,false,false,true,true
18,false,false,false,false
19,true,true,false,false
20,true,true,false,false
21,true,false,true,true
22,true,false,true,true
23,true,true,true,true
24,true,true,false,false
25,true,true,true,true
26,true,true,false,false
27,false,false,true,true
28,true,false,true,true
29,false,false,true,false
30,false,false,false,false
31,false,true,true,true
32,true,true,true,true
33,false,false,true,false
34,false,false,false,false
35,true,false,false,false
36,true,false,false,false
37,true,true,false,false
38,false,false,false,false
39,false,false,false,false
40,false,false,false,false
41,false,true,false,false
42,false,false,false,false
43,true,true,true,true
44,true,true,false,false
45,true,true,false,false
46,true,false,false,false
48,false,false,false,false
49,false,true,false,false
50,true,false,false,false
51,false,false,false,false
52,false,true,false,false
53,false,false,false,false
54,true,false,false,false
55,false,false,false,false
56,true,false,false,false
57,false,false,false,false
58,false,false,false,false
59,true,false,false,false
60,false,false,false,false
61,false,false,false,false
62,false,false,false,false
63,false,false,false,false
64,false,true,false,false
65,false,false,false,false
66,false,true,true,false
67,true,true,false,false
68,true,true,true,true
69,true,true,true,true
70,true,true,true,true
71,true,true,true,true
72,true,true,false,false
73,false,true,true,true
74,false,true,false,false
75,true,false,false,false
76,false,false,false,false
77,true,false,false,false
78,true,true,true,true
79,false,false,false,false
80,true,false,false,false
81,true,true,false,false
82,false,true,false,false
83,false,true,true,false
84,false,false,false,false
85,false,true,false,false
86,false,false,false,false
87,false,false,true,false
88,false,false,false,false
89,false,false,true,false
90,false,false,false,false
91,false,true,true,false
92,false,true,false,false
93,true,true,true,true
94,false,true,true,true
95,false,true,true,false
96,true,false,false,false
97,true,false,false,false
98,false,false,false,false
99,true,false,false,false
100,false,true,false,false
101,true,false,false,false
102,false,false,true,false
103,false,false,false,false
104,false,false,false,false
105,false,false,false,false
106,false,true,false,false
107,false,false,false,false
108,false,false,false,false
109,false,true,false,false
110,false,false,false,false
111,false,false,false,false
112,false,false,false,false
113,false,false,false,false
114,false,false,false,false
115,false,false,false,false
116,false,false,false,false
117,false,false,false,false
118,false,true,false,false
119,false,false,false,false
120,false,false,false,false
121,false,false,false,false
122,false,false,false,false
123,false,true,false,false
124,false,true,true,true
125,true,true,true,true
126,false,false,true,false
127,true,true,true,true
128,false,false,true,true
129,false,false,false,false
130,false,false,false,false
131,false,true,false,false
132,true,false,false,false
133,true,true,false,false
134,false,false,false,false
135,false,false,true,false
136,false,false,false,false
137,false,true,false,false
138,false,true,false,false
139,false,false,false,false
140,false,false,false,false
141,false,true,false,false
142,false,false,false,false
143,false,false,true,false
144,false,false,false,false
145,false,false,true,false
146,false,false,false,false
147,false,false,false,false
148,false,true,false,false
149,false,false,false,false
150,false,true,false,false
151,false,true,true,true
152,true,true,true,true
153,true,true,true,true
154,false,true,true,true
155,true,false,true,false
156,true,false,false,false
157,true,false,false,false
158,false,false,false,false
159,true,false,true,true
160,true,false,false,false
161,false,false,false,false
162,false,false,true,true
163,true,true,true,true
164,false,false,true,true
165,false,false,false,false
166,false,false,false,false
167,false,false,false,false
